timestamp_utc,time_source,hhmmss_gps,latitude,longitude,hdop,gps_altitude,pressure_altitude,t_internal,t_external,pressure_kpa
2026-04-12 10:32:15,GPS,103215,54.3535285,-6.650850833333333,0.96,47.4,9.169303185286605,24.8125,22.8125,102.38863914108929
2026-04-12 10:32:47,GPS,103247,54.35354433333333,-6.650843333333333,1.07,54.7,8.784132936648989,24.875,19.8125,102.3933150479745
2026-04-12 10:33:20,GPS,103320,54.353576,-6.650776333333333,0.9,62.3,9.649768575856275,25.125,19.6875,102.38280660836227
2026-04-12 10:33:51,GPS,103351,54.353592666666664,-6.650793,0.74,65.8,9.137323439069688,25.5,19.4375,102.38902736365047
2026-04-12 10:34:25,GPS,103425,54.35362966666667,-6.650750333333333,0.72,70.9,9.886859767688295,25.5,19.5,102.37992857690868
2026-04-12 10:34:55,GPS,103455,54.353642,-6.650767666666667,0.71,64.3,9.389057180001835,25.5625,18.75,102.38597143925016
2026-04-12 10:35:28,GPS,103528,54.35363483333333,-6.650780666666667,0.66,63.9,9.31947440929832,25.8125,19.125,102.3868161326427
2026-04-12 10:35:59,GPS,103559,54.353641,-6.650777166666667,0.66,68.0,9.730638277046676,26.0,19.625,102.38182493001653
2026-04-12 10:36:29,GPS,103629,54.3536395,-6.650771,0.72,63.3,9.533159115829497,26.1875,20.25,102.38422214551963
2026-04-12 10:37:04,GPS,103704,54.353636,-6.650789666666666,0.71,60.4,9.448110243994089,26.5,19.375,102.38525457465192
2026-04-12 10:37:35,GPS,103735,54.353641333333336,-6.6507681666666665,0.77,58.5,9.860755137580412,26.8125,19.4375,102.38024545576476
2026-04-12 10:38:10,GPS,103810,54.3536265,-6.6507735,0.79,53.2,9.815987835917781,27.125,20.1875,102.38078887888705
2026-04-12 10:38:43,GPS,103843,54.35363516666666,-6.650786,0.71,54.6,9.937004163318443,27.375,20.5625,102.37931988640048
2026-04-12 10:39:12,GPS,103912,54.353661833333334,-6.6507423333333335,0.71,52.7,9.601195131301468,27.6875,20.75,102.38339624569585
2026-04-12 10:39:46,GPS,103946,54.3536235,-6.650760833333333,0.69,54.3,10.212657708684207,28.0,21.0,102.375973848014
2026-04-12 10:40:17,GPS,104017,54.3536285,-6.650782666666666,0.67,60.9,9.93062347208119,28.3125,18.9375,102.37939733988227
2026-04-12 10:40:48,GPS,104048,54.3536125,-6.650787833333333,0.67,63.4,10.155368854719631,28.625,19.4375,102.37666924518346
2026-04-12 10:41:19,GPS,104119,54.35362033333333,-6.650786166666666,0.63,61.5,10.239749271948252,29.0,19.125,102.37564500010028
2026-04-12 10:41:51,GPS,104151,54.353627333333336,-6.6507865,0.69,61.3,10.044665921448278,29.25,19.0625,102.37801301664874
2026-04-12 10:42:25,GPS,104225,54.3536495,-6.650779666666667,0.63,51.9,10.185778890916257,29.5625,18.8125,102.37630011438546
2026-04-12 10:42:57,GPS,104257,54.35365216666667,-6.650765166666667,0.67,53.5,10.171600911390735,29.875,18.8125,102.37647221299086
2026-04-12 10:43:30,GPS,104330,54.3536235,-6.6507673333333335,0.67,54.2,10.250879821830978,30.1875,19.5,102.37550989341203
2026-04-12 10:44:02,GPS,104402,54.353625,-6.650778,0.63,55.1,10.08006063819425,30.4375,19.3125,102.37758337507636
2026-04-12 10:44:32,GPS,104432,54.35362583333333,-6.650740833333334,0.67,56.2,10.675593421765134,30.6875,18.75,102.37035467214713
2026-04-12 10:45:05,GPS,104505,54.353646833333336,-6.6507175,0.8,53.3,10.192573180610333,30.9375,17.875,102.37621764236602
2026-04-12 10:45:36,GPS,104536,54.3536195,-6.650638833333334,0.67,63.2,10.065809953043098,31.1875,17.625,102.37775635797108
2026-04-12 10:46:09,GPS,104609,54.3536415,-6.6506161666666666,0.66,59.4,10.601184153181872,31.375,17.8125,102.37125784499932
2026-04-12 10:46:42,GPS,104642,54.3535955,-6.650703833333333,0.66,61.7,10.16820612613256,31.625,19.125,102.3765134204351
2026-04-12 10:47:13,GPS,104713,54.35359416666667,-6.650735833333333,0.81,64.4,10.274442477843708,31.75,20.25,102.3752238817458
2026-04-12 10:47:44,GPS,104744,54.35357716666667,-6.650692833333333,0.73,61.3,10.087089576738244,31.9375,20.0,102.37749805392288
2026-04-12 10:48:15,GPS,104815,54.35357666666667,-6.650710166666666,0.66,60.1,10.19424320805284,32.0625,20.1875,102.37619737086064
2026-04-12 10:48:47,GPS,104847,54.35357716666667,-6.650711,0.66,59.8,10.384794133643869,32.25,20.625,102.37388440380036
2026-04-12 10:49:20,GPS,104920,54.353599833333334,-6.650721333333333,0.63,62.9,9.971730552760215,32.4375,19.9375,102.37889835300157
2026-04-12 10:49:51,GPS,104951,54.353565833333334,-6.650682,0.66,68.7,10.480112269717932,32.625,20.75,102.37272741816513
2026-04-12 10:50:22,GPS,105022,54.35356183333333,-6.650683166666667,0.65,69.1,10.328996135490833,32.8125,21.625,102.37456169306857
2026-04-12 10:50:57,GPS,105057,54.353588333333335,-6.6507355,0.7,63.1,10.175710846062684,32.9375,22.0,102.37642232475633
2026-04-12 10:51:27,GPS,105127,54.35360433333334,-6.650706166666667,0.66,68.5,10.225078678948185,33.125,22.0,102.37582307734809
2026-04-12 10:51:59,GPS,105159,54.353586666666665,-6.650709166666667,0.65,65.2,10.08613526674305,33.25,21.1875,102.3775096378634
2026-04-12 10:52:28,GPS,105228,0.0,0.0,0.0,0.0,9.821394132801828,33.4375,20.3125,102.38072325258894
2026-04-12 10:53:02,GPS,105302,54.35360883333333,-6.6507475,0.73,57.1,10.416724592438594,33.5625,19.75,102.37349682598902
2026-04-12 10:53:33,GPS,105333,54.353598833333336,-6.650754666666667,0.66,59.9,10.404770653990747,33.75,20.375,102.3736419249645
2026-04-12 10:53:58,GPS,105358,0.0,0.0,0.0,0.0,10.17037634077109,33.9375,21.375,102.37648707738326
2026-04-12 10:54:40,GPS,105440,54.35361266666666,-6.650797,0.66,59.0,11.091631051380501,34.0625,20.3125,102.36530496458226
2026-04-12 10:55:18,GPS,105518,54.35360433333334,-6.650764666666666,0.63,63.6,11.608264012307178,34.1875,18.75,102.35903454962961
2026-04-12 10:55:48,GPS,105548,54.353608333333334,-6.650785166666667,0.66,60.5,10.27220186677842,34.3125,18.1875,102.37525107902984
2026-04-12 10:56:16,GPS,105616,0.0,0.0,0.0,0.0,11.111833319923447,34.4375,17.875,102.3650597622141
2026-04-12 10:56:52,GPS,105652,54.3535965,-6.6507455,0.69,60.0,9.500968614547036,34.5,17.25,102.3846129129251
2026-04-12 10:57:24,GPS,105724,54.3536275,-6.650737166666667,0.7,52.2,9.831793317836574,34.5,16.4375,102.38059701840055
2026-04-12 10:57:56,GPS,105756,54.3536115,-6.650707,0.66,60.3,9.847511866360135,34.625,16.375,102.3804062134749
2026-04-12 10:58:29,GPS,105829,54.353611,-6.650736333333334,0.66,64.3,10.15699308619037,34.625,16.3125,102.37664952949874
2026-04-12 10:58:57,GPS,105857,54.3536025,-6.650729833333333,0.73,64.0,9.856706907874774,34.625,16.375,102.38029459648233
2026-04-12 10:59:29,GPS,105929,54.35360816666667,-6.650739,0.68,62.8,9.931799242710838,34.625,16.3125,102.37938306751762
2026-04-12 11:00:00,GPS,110000,54.353603166666666,-6.650760666666667,0.66,61.4,10.003552332268157,34.5625,16.125,102.37851207903988
2026-04-12 11:00:31,GPS,110031,54.35356983333333,-6.6507715,0.7,58.8,9.98995632400669,34.4375,15.75,102.37867711630246
2026-04-12 11:01:04,GPS,110104,54.353568,-6.650754666666667,0.72,56.7,9.53334123712926,34.3125,16.0,102.38421993471356
2026-04-12 11:01:36,GPS,110136,54.35356633333333,-6.650754833333333,0.66,55.9,10.294458441647041,34.1875,16.9375,102.37498092156422
2026-04-12 11:02:07,GPS,110207,54.3535965,-6.650721333333333,0.73,57.7,9.983165392982684,34.0625,17.625,102.37875954915638
2026-04-12 11:02:40,GPS,110240,54.35358133333333,-6.650731166666667,0.67,61.2,9.788240996748922,34.0,17.9375,102.38112569450686
2026-04-12 11:03:10,GPS,110310,54.35359116666667,-6.650718333333334,0.67,63.7,10.072635991218233,33.9375,18.4375,102.37767349962064
2026-04-12 11:03:42,GPS,110342,54.35358683333333,-6.650724833333333,0.7,63.7,10.20275306283035,33.875,18.9375,102.37609407466455
2026-04-12 11:04:12,GPS,110412,54.35358766666667,-6.6507445,0.6,63.5,10.21754712610208,33.875,19.5625,102.3759144983037
2026-04-12 11:04:46,GPS,110446,54.353599333333335,-6.650744333333334,0.61,62.2,10.518511249760708,33.875,19.875,102.37226132865705
2026-04-12 11:05:16,GPS,110516,54.353603166666666,-6.650765833333333,0.62,60.4,10.146018862016073,33.8125,20.5,102.37678273984795
2026-04-12 11:05:51,GPS,110551,54.35360633333333,-6.650768833333333,0.66,60.5,10.033090814724645,33.8125,19.75,102.37815352231517
2026-04-12 11:06:23,GPS,110623,54.353602,-6.6507586666666665,0.59,61.1,10.46401852839688,33.875,17.875,102.37292276563498
2026-04-12 11:06:55,GPS,110655,54.3536125,-6.651486,0.6,144.2,84.22104763367275,33.8125,16.625,101.48081573085071
2026-04-12 11:07:30,GPS,110730,54.35417666666667,-6.6541065,0.59,384.0,305.2823599424272,33.625,13.4375,98.84466393474646
2026-04-12 11:08:02,GPS,110802,54.354973,-6.656922,0.65,582.1,515.5235140886853,33.375,11.0,96.38925516326988
2026-04-12 11:08:34,GPS,110834,54.3568155,-6.659896166666667,0.59,784.4,724.7600964788709,33.125,9.5625,93.99484775262457
2026-04-12 11:09:03,GPS,110903,54.358966833333334,-6.6629985000000005,0.59,973.8,918.5711918289032,32.875,9.0625,91.8201492995557
2026-04-12 11:09:35,GPS,110935,54.361051,-6.666952666666667,0.59,1161.1,1109.256612698595,32.5625,8.5,89.720461978073
2026-04-12 11:10:08,GPS,111008,54.363542,-6.670363666666667,0.6,1349.8,1289.7622936991158,32.25,8.4375,87.76885198004224
2026-04-12 11:10:37,GPS,111037,54.366296,-6.673484333333334,0.59,1506.1,1454.7954044944577,31.875,8.9375,86.01474676953126
2026-04-12 11:11:08,GPS,111108,54.369533833333335,-6.675912333333334,0.59,1682.2,1629.0867033676172,31.5,8.375,84.19316737190363
2026-04-12 11:11:43,GPS,111143,54.373409,-6.677637666666667,0.59,1876.9,1816.8303559609456,31.0625,8.0,82.26606718964182
2026-04-12 11:12:15,GPS,111215,54.37652166666667,-6.678432166666667,0.59,2072.5,2010.037538909802,30.6875,7.75,80.32033432725464
2026-04-12 11:12:45,GPS,111245,54.37889783333333,-6.678545,0.59,2264.6,2202.6143213321266,30.375,7.4375,78.41819883306913
2026-04-12 11:13:19,GPS,111319,54.380534,-6.6798555,0.6,2491.7,2421.573851090598,29.9375,6.375,76.29995580443912
2026-04-12 11:13:50,GPS,111350,54.38213483333333,-6.6829133333333335,0.59,2691.4,2619.1802714634364,29.625,5.25,74.42828642343174
2026-04-12 11:14:21,GPS,111421,54.383491166666666,-6.6854175,0.62,2895.3,2825.7838519227244,29.375,4.75,72.51132928491815
2026-04-12 11:14:56,GPS,111456,54.3846435,-6.6877315,0.62,3126.1,3046.8873664551575,29.0,3.3125,70.50432141906946
2026-04-12 11:15:29,GPS,111529,54.385629333333334,-6.689694833333333,0.58,3341.7,3253.3113048704545,28.75,1.6875,68.67139410684523
2026-04-12 11:16:01,GPS,111601,54.386817,-6.6915648333333335,0.62,3569.9,3482.610214414569,28.375,0.4375,66.68078174234935
2026-04-12 11:16:30,GPS,111630,54.387949,-6.6928875,0.57,3773.2,3688.2267347550014,28.125,-0.4375,64.9357422963857
2026-04-12 11:17:00,GPS,111700,54.38908133333333,-6.693612666666667,0.57,3973.8,3886.609439564687,27.875,-2.0,63.28732665449378
2026-04-12 11:17:33,GPS,111733,54.39029416666666,-6.694455166666667,0.62,4185.3,4089.4942354891755,27.5,-3.375,61.63671270842219
2026-04-12 11:18:07,GPS,111807,54.39244166666667,-6.695102666666667,0.56,4403.6,4296.304532125978,27.125,-5.125,59.99021345946277
2026-04-12 11:18:38,GPS,111838,54.39351033333333,-6.6953545,0.56,4607.1,4508.645678084893,26.75,-6.5,58.33691947646683
2026-04-12 11:19:11,GPS,111911,54.3945505,-6.6953455,0.61,4823.0,4719.6605726428725,26.3125,-7.6875,56.7306943394657
2026-04-12 11:19:44,GPS,111944,54.39599466666667,-6.695959333333334,0.56,5036.4,4922.603770946251,25.9375,-8.6875,55.219876749323156
2026-04-12 11:20:18,GPS,112018,54.3976685,-6.6967178333333335,0.56,5226.5,5110.194662098417,25.4375,-9.75,53.852485087784444
2026-04-12 11:20:49,GPS,112049,54.398945166666664,-6.6964255,0.56,5427.9,5314.245814962202,25.0,-10.625,52.396375220567684
2026-04-12 11:21:22,GPS,112122,54.40066866666667,-6.696211166666666,0.56,5656.6,5535.615604042519,24.5625,-12.1875,50.85290160392571
2026-04-12 11:21:54,GPS,112154,54.40325966666666,-6.696240333333334,0.56,5877.8,5761.751654422652,24.125,-13.5,49.31441787162349
2026-04-12 11:22:27,GPS,112227,54.405713666666664,-6.696802,0.56,6099.2,5966.912285065615,23.625,-14.625,47.95145182235104
2026-04-12 11:22:58,GPS,112258,54.408812166666664,-6.698109,0.59,6318.9,6198.71921794056,23.125,-16.0625,46.448331358808296
2026-04-12 11:23:32,GPS,112332,54.41160383333333,-6.6984835,0.56,6543.0,6412.344470883451,22.6875,-17.875,45.09710852944039
2026-04-12 11:24:03,GPS,112403,54.414129333333335,-6.697587166666667,0.56,6753.1,6628.722936778127,22.25,-19.8125,43.76109549914632
2026-04-12 11:24:34,GPS,112434,54.4164825,-6.697715166666667,0.56,6973.5,6848.880286843524,21.6875,-21.25,42.434825597451706
2026-04-12 11:25:07,GPS,112507,54.41866066666667,-6.697083166666666,0.56,7197.4,7069.227626426252,21.1875,-23.125,41.1401889027014
2026-04-12 11:25:37,GPS,112537,54.42080933333333,-6.697485,0.56,7395.6,7269.058707236257,20.75,-25.0,39.993926133594535
2026-04-12 11:26:11,GPS,112611,54.4229445,-6.698131333333333,0.56,7621.9,7484.08334443568,20.1875,-26.5,38.78953611228676
2026-04-12 11:26:42,GPS,112642,54.42532633333333,-6.698116,0.55,7834.2,7705.307103350649,19.6875,-28.375,37.581244837830106
2026-04-12 11:27:16,GPS,112716,54.428305,-6.698142,0.6,8071.2,7934.429980409677,19.125,-30.3125,36.362121732057176
2026-04-12 11:27:50,GPS,112750,54.431126666666664,-6.697834666666667,0.54,8318.0,8179.851982101847,18.5,-32.1875,35.09199778544798
2026-04-12 11:28:21,GPS,112821,54.43309633333333,-6.697525,0.6,8533.6,8409.203728752873,17.9375,-33.875,33.937746670592695
2026-04-12 11:28:54,GPS,112854,54.43538433333333,-6.697598,0.59,8774.2,8642.340904230714,17.3125,-34.75,32.796146401361085
2026-04-12 11:29:27,GPS,112927,54.437621,-6.696018166666667,0.59,9016.9,8888.15045563208,16.625,-36.4375,31.626372702857378
2026-04-12 11:29:59,GPS,112959,54.43975666666667,-6.6951105,0.6,9230.0,9105.691971147873,16.0,-38.25,30.619519693638473
2026-04-12 11:30:37,GPS,113037,54.44257533333333,-6.6936021666666665,0.59,9514.4,9396.419982621906,15.3125,-39.875,29.314612421350613
2026-04-12 11:31:12,GPS,113112,54.44441033333333,-6.6925995,0.59,9773.4,9651.37587886784,14.625,-41.4375,28.207669276281333
2026-04-12 11:31:42,GPS,113142,54.44552683333333,-6.690648166666667,0.59,9996.9,9871.969439834449,14.0,-42.8125,27.277454949017905
2026-04-12 11:32:12,GPS,113212,54.447096333333334,-6.689212833333333,0.6,10223.0,10107.54531914569,13.375,-44.0,26.311649059717645
2026-04-12 11:32:41,GPS,113241,54.448388,-6.6875855,0.59,10426.9,10320.299911948148,12.6875,-45.5,25.463379350137636
2026-04-12 11:33:15,GPS,113315,54.450058,-6.684589,0.62,10691.3,10588.100648151667,12.0,-47.25,24.427254103007247
2026-04-12 11:33:40,GPS,113340,0.0,0.0,0.0,0.0,10853.281553005394,11.125,-49.25,23.435169717381694
2026-04-12 11:34:25,GPS,113425,54.452459,-6.678159,0.59,11227.4,11116.903266693236,10.375,-50.875,22.481510605721486
2026-04-12 11:34:55,GPS,113455,54.453254666666666,-6.675816,0.59,11464.9,11380.865087005091,9.6875,-52.5625,21.558350967498612
2026-04-12 11:35:26,GPS,113526,54.45410716666667,-6.6736525,0.59,11725.8,11632.125401576459,8.9375,-53.8125,20.70836408161302
2026-04-12 11:35:56,GPS,113556,54.455279833333336,-6.6721825,0.59,11981.8,11902.06040821795,8.25,-55.0,19.82564873875602
2026-04-12 11:36:27,GPS,113627,54.45662633333333,-6.6713815,0.59,12225.7,12144.648577614995,7.5625,-55.875,19.058590618709307
2026-04-12 11:36:58,GPS,113658,54.45863266666667,-6.670354166666667,0.59,12496.8,12416.885252858863,6.75,-56.375,18.226583779467664
2026-04-12 11:37:33,GPS,113733,54.4612685,-6.670115333333333,0.59,12798.6,12719.681673106823,6.0,-56.25,17.335982022186233
2026-04-12 11:38:03,GPS,113803,54.46308466666667,-6.670636333333333,0.59,13064.1,12974.35571431629,5.25,-55.4375,16.61450414026514
2026-04-12 11:38:36,GPS,113836,54.46596916666667,-6.672971833333333,0.59,13336.8,13228.454274491707,4.5,-54.0625,15.919081001169644
2026-04-12 11:39:11,GPS,113911,54.46847616666667,-6.672919666666667,0.59,13664.5,13551.860478044588,3.6875,-53.4375,15.068255513709824
2026-04-12 11:39:43,GPS,113943,54.470288333333336,-6.673033833333333,0.59,13945.4,13807.473340660255,3.0,-52.75,14.42216595974192
2026-04-12 11:40:13,GPS,114013,54.47190633333334,-6.6744666666666665,0.59,14163.9,14029.584686980335,2.375,-52.25,13.87914117205025
2026-04-12 11:40:43,GPS,114043,54.472744666666664,-6.674938166666667,0.59,14439.0,14274.000835260757,1.8125,-51.5625,13.300840546736872
2026-04-12 11:41:16,GPS,114116,54.47417433333333,-6.6761495,0.59,14757.0,14568.04538599162,1.1875,-50.8125,12.631132865901716
2026-04-12 11:41:54,GPS,114154,54.4760605,-6.677483333333333,0.58,15104.0,14880.733057487276,0.4375,-50.1875,11.949189821834457
2026-04-12 11:42:25,GPS,114225,54.478202333333336,-6.6789135,0.58,15405.5,15136.104881862868,-0.125,-50.3125,11.414640475217006
2026-04-12 11:42:55,GPS,114255,54.47915783333333,-6.67948,0.58,15719.8,15433.627414224238,-0.5625,-50.5,10.816452790487878
2026-04-12 11:43:28,GPS,114328,54.47992416666666,-6.681065,0.58,16042.5,15716.995715739416,-1.125,-50.5,10.270574709400403
2026-04-12 11:44:01,GPS,114401,54.481362,-6.682878333333333,0.58,16302.2,15946.390537385603,-1.5,-49.8125,9.845201473603302
2026-04-12 11:44:37,GPS,114437,54.483106,-6.6849595,0.58,16614.8,16210.396380717008,-2.0,-49.5,9.373421210959597
2026-04-12 11:45:09,GPS,114509,54.4841735,-6.686604,0.58,16893.9,16463.277559545546,-2.4375,-49.5625,8.938851547453
2026-04-12 11:45:42,GPS,114542,54.4858765,-6.686538,0.59,17225.1,16743.461052570987,-2.875,-50.1875,8.47656403116115
2026-04-12 11:46:16,GPS,114616,54.48638716666667,-6.686591333333333,0.58,17520.8,16988.42333779538,-3.25,-50.0,8.088431152154648
2026-04-12 11:46:47,GPS,114647,54.48676016666667,-6.686978833333333,0.69,17777.5,17221.27063502927,-3.5625,-49.875,7.7329584411690595
2026-04-12 11:47:21,GPS,114721,54.4871875,-6.688874333333334,0.69,18058.4,17448.158635503347,-3.9375,-49.8125,7.398857393860118
2026-04-12 11:47:54,GPS,114754,54.4874075,-6.689399,0.69,18385.8,17713.795761744124,-4.25,-49.625,7.022649641372787
2026-04-12 11:48:25,GPS,114825,54.48711483333334,-6.6909323333333335,0.61,18678.3,17964.006498520102,-4.5625,-49.25,6.682603132109333
2026-04-12 11:48:59,GPS,114859,54.486770166666666,-6.693078833333333,0.61,18986.2,18206.206929851454,-4.875,-49.25,6.366264576740752
2026-04-12 11:49:29,GPS,114929,54.48675633333333,-6.694870333333333,0.63,19272.5,18451.101193687766,-5.1875,-49.25,6.058846881742007
2026-04-12 11:50:04,GPS,115004,54.48643233333333,-6.697038333333333,0.62,19592.1,18706.254056798545,-5.5,-49.125,5.751450733076664
2026-04-12 11:50:35,GPS,115035,54.4865185,-6.698644833333333,0.62,19884.7,18939.95748045474,-5.75,-48.9375,5.481094711890226
2026-04-12 11:51:06,GPS,115106,54.48655316666667,-6.699749166666667,0.62,20179.0,19163.253315140628,-6.0,-48.5,5.232482921080373
2026-04-12 11:51:37,GPS,115137,54.485705,-6.7005695,0.62,20446.5,19383.523618438077,-6.25,-47.875,4.996264982394772
2026-04-12 11:52:10,GPS,115210,54.485443333333336,-6.7029585,0.62,20749.8,19610.909957536398,-6.5,-47.375,4.761549362655394
2026-04-12 11:52:44,GPS,115244,54.48543733333333,-6.705508666666667,0.63,21079.7,19861.46658192488,-6.75,-47.125,4.513338950151854
2026-04-12 11:53:15,GPS,115315,54.485354666666666,-6.7060075,0.62,21374.2,20094.638986609738,-6.9375,-46.6875,4.291863434247338
2026-04-12 11:53:47,GPS,115347,54.485119166666664,-6.707413333333333,0.62,21690.6,20330.98713145922,-7.125,-46.4375,4.076435769411662
2026-04-12 11:54:18,GPS,115418,54.484935666666665,-6.709631666666667,0.63,21964.4,20545.152253652363,-7.3125,-46.25,3.8888699123680124
2026-04-12 11:54:46,GPS,115446,0.0,0.0,0.0,0.0,20766.181321314747,-7.4375,-46.125,3.7026828406454295
2026-04-12 11:55:21,GPS,115521,54.484350666666664,-6.715753333333334,0.63,22538.9,20962.307445658378,-7.5625,-45.625,3.543579644423473
2026-04-12 11:55:53,GPS,115553,54.48463233333333,-6.7184558333333335,0.63,22788.6,21144.92344884944,-7.625,-44.75,3.400457356059298
2026-04-12 11:56:26,GPS,115626,54.48422566666667,-6.720692166666667,0.65,23035.4,21320.092713122438,-7.6875,-44.75,3.267605210904032
2026-04-12 11:56:57,GPS,115657,54.484036333333336,-6.7240598333333335,0.63,23271.0,21495.574004562302,-7.75,-44.3125,3.1387619366731085
2026-04-12 11:57:32,GPS,115732,54.484122166666666,-6.7281805,0.63,23527.2,21687.82199953856,-7.75,-43.75,3.002362044796042
2026-04-12 11:58:02,GPS,115802,54.484728833333335,-6.730731333333333,0.62,23023.2,21379.917840600025,-7.6875,-42.5625,3.223207815235088
2026-04-12 08:04:50,GPS,080450,54.48451216666667,-6.73305,0.64,22098.3,20685.92021647676,-7.6875,-41.8125,3.7694379366401263
2026-04-12 11:59:07,GPS,115907,54.484023,-6.735123333333333,0.62,21089.8,19956.385946510127,-7.625,-41.3125,4.42209119332608
2026-04-12 11:59:38,GPS,115938,54.4841905,-6.737009333333333,0.62,20256.5,19320.59690181093,-7.5625,-40.9375,5.062847965044348
2026-04-12 12:00:13,GPS,120013,54.484117166666664,-6.738216833333333,0.62,19382.8,18632.97713053228,-7.4375,-41.3125,5.838407941197642
2026-04-12 12:00:48,GPS,120048,54.483826666666666,-6.7407825,0.7,18552.0,17945.325989923185,-7.3125,-41.9375,6.707520723470822
2026-04-12 12:01:19,GPS,120119,54.4834265,-6.742051666666667,0.62,17862.6,17369.95142488478,-7.3125,-42.5,7.512672996312147
2026-04-12 12:01:54,GPS,120154,54.48394533333333,-6.742406166666667,0.62,17124.7,16733.207210319775,-7.25,-43.1875,8.49313370269668
2026-04-12 12:02:27,GPS,120227,54.485631,-6.743654333333334,0.64,16464.8,16172.50421460715,-7.25,-43.8125,9.439986013558155
2026-04-12 12:02:59,GPS,120259,54.4866425,-6.745133333333333,0.64,15860.7,15623.103300755414,-7.375,-44.1875,10.448917293752631
2026-04-12 12:03:32,GPS,120332,54.4879195,-6.745837,0.66,15267.6,15081.29970162294,-7.4375,-44.375,11.52769489970988
2026-04-12 12:04:12,GPS,120412,54.4902295,-6.748830666666667,0.64,14580.7,14478.724389416204,-7.625,-44.625,12.83161177091724
2026-04-12 12:04:45,GPS,120445,54.491982166666666,-6.7505085000000005,0.64,14038.7,13986.256027659376,-7.75,-44.6875,13.983750812123356
2026-04-12 12:05:16,GPS,120516,54.49415333333334,-6.750101,0.67,13560.3,13503.485652687741,-8.0,-45.6875,15.193124173095493
2026-04-12 12:05:46,GPS,120546,54.49668966666667,-6.749622166666667,0.64,13108.3,13071.817095808192,-8.25,-46.375,16.34492032850116
2026-04-12 12:06:20,GPS,120620,54.499193166666664,-6.749775166666667,0.74,12613.7,12585.671665566686,-8.625,-47.8125,17.725686424107945
2026-04-12 12:06:53,GPS,120653,54.501558833333334,-6.749439166666667,0.64,12149.9,12133.012519344604,-8.875,-48.9375,19.094826068710695
2026-04-12 12:07:23,GPS,120723,54.5034005,-6.748004833333333,0.64,11760.8,11725.90398213224,-9.25,-49.9375,20.398164337795766
2026-04-12 12:07:53,GPS,120753,54.50456283333333,-6.745993666666667,0.64,11380.8,11333.38629687652,-9.6875,-50.1875,21.722094357046096
2026-04-12 12:08:27,GPS,120827,54.50549133333333,-6.742738833333333,0.64,10942.9,10891.534880653995,-10.125,-49.3125,23.29479143660856
2026-04-12 12:08:59,GPS,120859,54.50724016666667,-6.740760166666667,0.64,10552.3,10511.988436475587,-10.625,-48.25,24.71819508773768
2026-04-12 12:09:35,GPS,120935,54.508951,-6.738659833333333,0.65,10120.0,10073.29355662453,-11.25,-46.3125,26.450326491079526
2026-04-12 12:10:04,GPS,121004,54.51075433333333,-6.737070833333333,0.63,9782.9,9708.379870681003,-11.75,-44.4375,27.964866783958627
2026-04-12 12:10:36,GPS,121036,54.5126895,-6.736042,0.63,9411.8,9339.40295939651,-12.3125,-42.375,29.566911034931618
2026-04-12 12:11:10,GPS,121110,54.514889,-6.735410666666667,0.62,9031.4,8972.735699802408,-12.75,-40.8125,31.231748340716265
2026-04-12 12:11:39,GPS,121139,54.51700733333333,-6.735007833333333,0.63,8714.7,8632.46208427912,-13.25,-38.9375,32.84388028769758
2026-04-12 12:12:12,GPS,121212,54.5193745,-6.7349175,0.62,8365.7,8275.531933762199,-13.6875,-36.6875,34.60667027519476
2026-04-12 12:12:43,GPS,121243,54.522065166666664,-6.734863833333334,0.62,8045.2,7953.358143418555,-14.0,-34.625,36.26285816710319
2026-04-12 12:13:15,GPS,121315,54.52461566666667,-6.73461,0.62,7718.4,7624.388385850904,-14.3125,-32.625,38.01962289049632
2026-04-12 12:13:51,GPS,121351,54.52743566666667,-6.735159,0.62,7361.9,7267.3554405529,-14.6875,-30.125,40.00358583985781
2026-04-12 12:14:24,GPS,121424,54.52961283333333,-6.7353621666666665,0.62,7036.7,6940.393954582815,-14.8125,-27.9375,41.89319736606309
2026-04-12 12:14:55,GPS,121455,54.53221816666667,-6.733977333333334,0.61,6740.3,6647.391510528791,-14.875,-25.8125,43.6473466591247
2026-04-12 12:15:27,GPS,121527,54.53481766666667,-6.733862,0.61,6431.2,6355.276419285254,-14.9375,-23.5,45.454918209890934
2026-04-12 12:15:56,GPS,121556,54.5373175,-6.734063166666667,0.62,6150.8,6063.751028915674,-14.9375,-21.5,47.31879755461123
2026-04-12 12:16:27,GPS,121627,54.539394,-6.734317,0.61,5852.6,5775.306329871432,-14.875,-19.375,49.22341195652107
2026-04-12 12:17:01,GPS,121701,54.541482,-6.734403666666667,0.61,5530.3,5452.045529023154,-14.6875,-16.625,51.43119639519938
2026-04-12 12:17:34,GPS,121734,54.543482166666664,-6.735436,0.58,5227.1,5157.148603716737,-14.375,-14.5625,53.514554517809984
2026-04-12 12:18:03,GPS,121803,54.54507916666667,-6.736436,0.58,4968.4,4894.136818415855,-14.0625,-12.6875,55.42981294215561
2026-04-12 12:18:38,GPS,121838,54.54652,-6.7374865,0.58,4673.8,4616.6405460969045,-13.625,-10.875,57.51033688057517
2026-04-12 12:19:12,GPS,121912,54.54758666666667,-6.737988166666667,0.6,4391.8,4321.76253094046,-13.0625,-8.75,59.79001871756717
2026-04-12 12:19:44,GPS,121944,54.549147166666664,-6.739112833333333,0.6,4131.3,4077.6768483462147,-12.5,-7.0,61.7318892773299
2026-04-12 12:20:19,GPS,122019,54.550635666666665,-6.740382666666667,0.64,3858.8,3808.4379409768135,-11.8125,-5.375,63.93277983727724
2026-04-12 12:20:49,GPS,122049,0.0,0.0,0.0,0.0,3543.8976898326664,-11.125,-3.5,66.15671923068115
2026-04-12 12:21:27,GPS,122127,54.55289833333333,-6.7432275,0.64,3316.5,3272.4941845717517,-10.375,-2.0625,68.5030398975384
2026-04-12 12:22:00,GPS,122200,54.553648333333335,-6.743534833333333,0.64,3059.8,3020.0857518680778,-9.5625,-0.625,70.74518176742512
2026-04-12 08:28:46,GPS,082846,54.554426,-6.745574833333333,0.64,2804.6,2762.3183425081934,-8.6875,1.1875,73.09588443704067
2026-04-12 12:23:05,GPS,122305,54.55623883333333,-6.748023666666667,0.64,2541.2,2519.902148822049,-7.875,2.75,75.36391455097854
2026-04-12 12:23:31,GPS,122331,0.0,0.0,0.0,0.0,2296.3593165500583,-7.125,3.875,77.50554568629941
2026-04-12 12:24:07,GPS,122407,54.55979216666667,-6.749537666666667,0.64,2104.0,2072.824178306677,-6.3125,5.25,79.69611391384511
2026-04-12 12:24:39,GPS,122439,54.56242533333333,-6.749937666666667,0.64,1885.1,1850.525791746308,-5.4375,6.25,81.92401115655558
2026-04-12 12:25:14,GPS,122514,54.565803333333335,-6.7518285,0.69,1651.1,1629.7984785661915,-4.5,6.9375,84.1857929437939
2026-04-12 12:25:49,GPS,122549,54.56962583333333,-6.7548905,0.64,1411.3,1381.8771529916787,-3.5,7.8125,86.78624611476296
2026-04-12 12:26:21,GPS,122621,54.5725445,-6.757947,0.64,1173.3,1146.1563625806234,-2.625,8.3125,89.31867569114415
2026-04-12 12:26:53,GPS,122653,54.5751265,-6.761783666666666,0.64,931.9,895.8971918712039,-1.625,8.1875,92.07244267475686
2026-04-12 12:27:23,GPS,122723,0.0,0.0,0.0,0.0,641.7602575730555,-0.6875,8.75,94.93882721317193
2026-04-12 12:28:02,GPS,122802,54.577955,-6.769250666666666,0.64,428.2,387.05048486989597,0.375,9.3125,97.88374681606727
2026-04-12 12:28:33,GPS,122833,54.57830116666667,-6.772373666666667,0.64,244.6,198.5499542254687,1.4375,10.25,100.11043227391107
2026-04-12 12:29:05,GPS,122905,54.5781535,-6.775634666666667,0.65,80.6,24.280201425223932,2.3125,11.8125,102.20533158568037
2026-04-12 12:29:39,GPS,122939,54.578163833333335,-6.775620333333333,0.65,78.1,23.77247822437282,3.0625,14.0,102.21148636610509
2026-04-12 12:30:09,GPS,123009,54.57816733333333,-6.775627833333333,0.65,76.4,23.66034186355171,3.8125,15.125,102.2128457588207
2026-04-12 12:30:40,GPS,123040,54.57816833333333,-6.775621666666667,0.68,75.5,23.29343190987349,4.5625,16.3125,102.217293791445
2026-04-12 12:31:11,GPS,123111,54.578184,-6.775625333333333,0.68,73.5,22.764819419445182,5.3125,17.0,102.22370241210388
2026-04-12 12:31:41,GPS,123141,54.578193166666665,-6.7756295,0.68,71.9,22.479202180200012,6.0,17.125,102.22716522112852
2026-04-12 12:32:13,GPS,123213,54.578195,-6.7756315,0.68,72.0,22.17957387319499,6.75,17.875,102.23079800171499
2026-04-12 08:38:58,GPS,083858,54.578179166666665,-6.77563,0.68,73.4,21.725036710974454,7.5,18.6875,102.23630914179833
2026-04-12 12:33:15,GPS,123315,54.578177833333335,-6.775650333333333,0.68,71.8,21.591467257144053,8.25,18.25,102.23792868101008
2026-04-12 12:33:45,GPS,123345,54.57817466666667,-6.7756454999999995,0.68,70.7,21.140716617502342,8.9375,17.9375,102.2433942181955
2026-04-12 12:34:15,GPS,123415,54.57816233333333,-6.7756256666666665,0.68,75.0,20.673773610067418,9.625,18.1875,102.2490563439887
2026-04-12 12:34:49,GPS,123449,54.57816833333333,-6.775605333333333,0.67,74.4,20.62441380737368,10.3125,18.0,102.24965489313878
2026-04-12 12:35:20,GPS,123520,54.5780245,-6.775243,0.67,73.1,21.7363684287326,11.0,16.5,102.23617174486333
2026-04-12 12:35:53,GPS,123553,54.5777805,-6.774621333333333,0.66,76.4,24.044647641126005,11.75,15.75,102.2081870054645
2026-04-12 12:36:26,GPS,123626,54.5776565,-6.774117,0.66,80.4,28.138403420250093,12.375,15.3125,102.15857105073253
2026-04-12 12:36:59,GPS,123659,54.57768766666667,-6.7740713333333336,0.68,83.8,27.875171836706823,13.0,15.5625,102.16176080723551
2026-04-12 12:37:30,GPS,123730,54.57767066666667,-6.774057166666667,0.66,85.0,28.13181365442415,13.5,15.6875,102.1586509024322
2026-04-12 12:38:03,GPS,123803,54.577686,-6.774117333333333,0.75,80.4,28.542044444330624,14.0,16.25,102.15368001397601
2026-04-12 12:38:33,GPS,123833,54.577632333333334,-6.77407,0.66,81.0,27.970083874851223,14.5,15.875,102.16061068408587
2026-04-12 12:39:06,GPS,123906,54.57767883333333,-6.774062333333333,0.76,83.7,28.351496350648823,15.0,15.6875,102.1559889175253
2026-04-12 12:39:37,GPS,123937,54.57769716666667,-6.774044666666667,0.75,85.0,28.049991500391673,15.4375,15.875,102.15964238922854
2026-04-12 12:40:08,GPS,124008,54.5777145,-6.774002833333333,0.82,77.0,28.52344956849629,15.875,17.25,102.15390532937784
2026-04-12 12:40:40,GPS,124040,54.57772033333333,-6.774015833333333,0.67,87.0,28.62664788026005,16.3125,16.625,102.15265487334803
2026-04-12 12:41:16,GPS,124116,54.577971833333336,-6.7736855,0.66,78.6,28.347603730999037,16.8125,15.9375,102.15603608549779
2026-04-12 12:41:47,GPS,124147,54.578245333333335,-6.773349333333333,0.93,74.4,27.784671958295583,17.0625,15.4375,102.16285747457071
2026-04-12 12:42:18,GPS,124218,54.578592666666665,-6.772960666666666,0.75,78.8,27.969756177475194,17.375,15.1875,102.16061465503238
2026-04-12 12:42:49,GPS,124249,54.578814333333334,-6.772737833333333,0.66,76.5,27.51027250130686,17.75,15.0625,102.166182674556
2026-04-12 12:43:20,GPS,124320,54.578837666666665,-6.772751333333334,0.67,80.5,27.24577433680251,18.1875,15.8125,102.16938797263768
2026-04-12 12:43:51,GPS,124351,54.578917833333335,-6.772576833333334,0.66,83.2,27.447674484006594,18.5625,16.6875,102.16694125584831
2026-04-12 12:44:23,GPS,124423,54.579418,-6.772004666666667,0.97,84.8,29.662253431780815,18.8125,17.5625,102.14010710616833
2026-04-12 12:44:53,GPS,124453,54.57719866666667,-6.774372666666666,0.83,90.1,37.49065585661899,19.0,18.4375,102.04529575037827
2026-04-12 12:45:24,GPS,124524,54.57099683333333,-6.7777515,0.67,91.9,32.63804389272033,19.3125,19.0625,102.10405830990493
2026-04-12 12:45:55,GPS,124555,54.564058333333335,-6.776509166666667,0.7,93.6,48.11114030669699,19.625,19.4375,101.91678285665847
2026-04-12 12:46:29,GPS,124629,54.557838,-6.775021833333334,0.66,96.0,44.392844286864594,19.9375,19.875,101.96176108278092
2026-04-12 12:46:59,GPS,124659,54.550434,-6.777388666666667,1.16,62.4,45.96249702899394,20.125,20.25,101.94277187826664
2026-04-12 12:47:36,GPS,124736,54.541066,-6.778035666666667,0.84,90.0,38.565635883408326,20.3125,20.5625,102.0322820175559
2026-04-12 12:48:07,GPS,124807,54.53342283333333,-6.778071833333334,0.77,82.2,44.82160831503082,20.5625,20.75,101.9565737353856
2026-04-12 12:48:41,GPS,124841,54.52736183333333,-6.776220333333333,0.98,88.6,40.64028215267378,20.8125,20.875,102.00717010163976
2026-04-12 12:49:12,GPS,124912,54.52151883333333,-6.772543,0.78,83.6,43.250366957255764,21.0625,21.0625,101.97558424367651
2026-04-12 12:49:45,GPS,124945,54.51689366666667,-6.771210333333333,1.16,83.0,49.481622841769074,21.3125,21.3125,101.90020891938445
2026-04-12 12:50:16,GPS,125016,54.513649666666666,-6.769433,1.04,83.6,50.089000555220125,21.5625,21.375,101.89286429197878
2026-04-12 12:50:48,GPS,125048,54.510969833333334,-6.768157333333333,0.77,103.0,60.17111618247684,21.75,21.5625,101.77101035995796
2026-04-12 12:51:21,GPS,125121,54.51003033333333,-6.7676995,0.98,117.3,62.08853319023925,21.9375,21.6875,101.74784953562992
2026-04-12 12:51:51,GPS,125151,54.50996716666667,-6.7676783333333335,0.97,130.7,61.90084370058294,22.1875,21.75,101.75011648222367
2026-04-12 12:52:18,GPS,125218,0.0,0.0,0.0,0.0,62.42737852097922,22.375,21.875,101.7437570058209
2026-04-12 12:52:52,GPS,125252,54.50919316666667,-6.7672275,0.96,120.6,63.11544104797257,22.5625,21.875,101.73544708627863
2026-04-12 12:53:26,GPS,125326,54.51024233333333,-6.765856333333334,0.98,121.4,68.62842354143527,22.75,22.0625,101.66888512666925
2026-04-12 12:53:58,GPS,125358,54.512889666666666,-6.7640443333333335,1.05,98.2,41.582242221295765,22.875,22.125,101.99577008850902
2026-04-12 12:54:30,GPS,125430,54.512353166666664,-6.7628035,0.96,94.4,39.29995614088605,23.0625,22.0,102.0233930922306
2026-04-12 12:55:01,GPS,125501,54.51226616666667,-6.762828666666667,0.96,97.5,39.99411692574447,23.1875,21.875,102.01499087268728
2026-04-12 12:55:33,GPS,125533,54.512306833333334,-6.763033833333333,0.96,100.7,41.71297969576328,23.4375,21.25,101.99418792788506
2026-04-12 12:56:04,GPS,125604,54.512358166666665,-6.7634665,0.92,97.5,42.83227017890951,23.9375,21.3125,101.98064329575995
2026-04-12 12:56:39,GPS,125639,54.51253083333334,-6.7638300000000005,1.0,88.7,43.25053170362734,24.3125,21.0625,101.97558225025355
2026-04-12 12:57:14,GPS,125714,54.5125085,-6.7639525,1.14,107.4,43.599231569043056,24.5625,21.3125,101.97136306975558
2026-04-12 12:57:45,GPS,125745,54.51241233333333,-6.763936,1.07,92.9,43.50318635978726,24.8125,21.875,101.97252517847926
2026-04-12 09:04:34,GPS,090434,54.512606,-6.7640545,1.07,121.4,43.74187359157596,25.0,22.25,101.96963717796612
2026-04-12 12:58:51,GPS,125851,54.51261483333333,-6.764178333333334,0.94,111.7,43.33215851154251,25.25,22.0,101.97459457377664
2026-04-12 12:59:22,GPS,125922,54.512675,-6.764139,0.91,92.2,43.064398101443196,25.4375,21.8125,101.97783447779744
2026-04-12 12:59:51,GPS,125951,54.512694333333336,-6.7640765,0.99,108.0,43.21412802139052,25.6875,21.8125,101.97602273378338
2026-04-12 13:00:25,GPS,130025,54.512704,-6.764067333333333,0.94,108.9,43.693598967449304,25.875,21.8125,101.97022127231816
2026-04-12 13:00:58,GPS,130058,54.512803,-6.764014833333333,0.93,124.5,43.270562648916645,26.0625,21.75,101.97533987703672
2026-04-12 13:01:29,GPS,130129,54.512917,-6.764017666666667,1.24,144.0,43.142308302595474,26.1875,21.6875,101.97689175487601
2026-04-12 13:01:59,GPS,130159,54.51314633333333,-6.7650215,0.93,118.4,43.425873872208186,26.375,21.75,101.9734606365325
2026-04-12 13:02:31,GPS,130231,54.512611666666665,-6.7643094999999995,1.07,102.0,43.37125247729472,26.5,21.8125,101.97412154331728
2026-04-12 13:03:05,GPS,130305,54.51273166666667,-6.763929666666667,1.09,93.7,43.5376494380138,26.625,21.8125,101.97210818774498
2026-04-12 13:03:37,GPS,130337,54.512706333333334,-6.7638308333333335,0.91,118.0,43.88997227214004,26.8125,21.8125,101.96784528857475
2026-04-12 13:04:10,GPS,130410,54.512524666666664,-6.763821833333333,0.97,102.2,43.7843844574861,26.9375,21.8125,101.96912282391696
2026-04-12 13:04:42,GPS,130442,54.512496666666664,-6.763875333333333,0.91,91.3,44.29028210708037,27.125,21.875,101.9630019500202
2026-04-12 13:05:15,GPS,130515,54.51262083333334,-6.7637548333333335,0.96,95.5,44.28385378108571,27.25,22.0,101.96307972470194
2026-04-12 13:05:49,GPS,130549,54.512702,-6.763821666666667,0.92,95.5,44.55323557620808,27.375,22.0,101.95982058402424
2026-04-12 13:06:21,GPS,130621,54.512696166666665,-6.763915,0.86,111.3,44.57140750201796,27.5,22.0,101.95960073232845
2026-04-12 13:06:55,GPS,130655,54.5126165,-6.763956833333333,0.84,112.3,44.52277430175806,27.6875,21.9375,101.9601891183536
2026-04-12 13:07:27,GPS,130727,54.5125485,-6.7638845,0.85,103.0,44.67610989000104,27.75,22.0,101.95833400573486
2026-04-12 13:07:57,GPS,130757,54.512604,-6.763885,0.84,110.7,44.319562796410956,27.875,22.0,101.96264769101248
2026-04-12 13:08:30,GPS,130830,54.51266416666667,-6.763864666666667,0.84,119.1,44.72188544425805,28.0,21.9375,101.95778020086117
2026-04-12 13:09:02,GPS,130902,54.5126215,-6.7638955,0.84,117.7,44.82017548489667,28.125,21.9375,101.956591069944
2026-04-12 13:09:31,GPS,130931,54.512656666666665,-6.763865333333333,0.84,115.8,44.85783923213722,28.1875,21.9375,101.95613541000634
2026-04-12 13:10:04,GPS,131004,54.512715,-6.7639365,0.87,128.8,44.88364101011553,28.3125,21.9375,101.95582325836021
2026-04-12 13:10:35,GPS,131035,54.512651166666664,-6.764025,0.83,103.5,44.57361645611477,28.375,22.0,101.95957400748739
2026-04-12 13:11:10,GPS,131110,54.51272216666667,-6.7640096666666665,1.05,111.0,44.822607328733106,28.5625,22.0,101.95656164919413
2026-04-12 13:11:42,GPS,131142,54.512809,6.764033166666667,1.08,133.2,44.89160857565106,28.625,22.0625,101.9557268663726
2026-04-12 13:12:18,GPS,131218,54.51265,-6.764038833333333,0.82,124.6,45.02021276833023,28.6875,22.125,101.95417101692775
2026-04-12 13:12:48,GPS,131248,54.512624333333335,-6.763911833333333,1.09,116.3,45.10491197226553,28.8125,22.25,101.95314633914435
2026-04-12 13:13:19,GPS,131319,54.51258133333333,-6.7638515,1.02,98.8,44.644986432582584,28.9375,22.3125,101.9587105470211
2026-04-12 13:13:51,GPS,131351,54.512739333333336,-6.763779166666667,0.83,113.2,45.33827119993053,29.0,22.3125,101.95032323867272
2026-04-12 13:14:20,GPS,131420,54.512772,-6.763656166666666,0.88,108.9,44.66737887043249,29.0625,22.3125,101.95843963621661
2026-04-12 13:14:51,GPS,131451,54.51282166666667,-6.763867,0.87,136.1,44.902369943263096,29.125,22.25,101.95559667495144
2026-04-12 13:15:23,GPS,131523,54.51274866666667,-6.763850166666667,0.85,124.5,44.96723235100507,29.25,22.1875,101.95481197000792
2026-04-12 13:15:59,GPS,131559,54.5129005,-6.763936166666666,0.82,140.9,44.91138130672077,29.3125,22.125,101.95548765524849
2026-04-12 13:16:31,GPS,131631,54.5128445,-6.763962333333334,0.95,130.3,45.17746920222774,29.375,22.0625,101.95226855970311
2026-04-12 13:17:04,GPS,131704,54.51268,-6.7641575,0.9,109.0,45.35877527933127,29.4375,22.0625,101.95007519032737
2026-04-12 13:17:34,GPS,131734,54.51285416666666,-6.763965833333334,0.95,136.2,45.239573628250874,29.375,22.125,101.95151724056171
2026-04-12 13:18:09,GPS,131809,54.5127945,-6.763694166666666,0.83,124.4,45.59855920378932,29.5,22.125,101.94717443771054
2026-04-12 13:18:44,GPS,131844,54.512712,-6.7637955000000005,0.8,113.2,45.557097630891924,29.625,22.125,101.94767600853308
2026-04-12 13:19:12,GPS,131912,54.512603,-6.7637465,0.8,93.8,45.75854931586702,29.6875,22.125,101.94523901679172
2026-04-12 13:19:42,GPS,131942,0.0,0.0,0.0,0.0,45.57207622919747,29.8125,22.125,101.94749480852289
2026-04-12 13:20:15,GPS,132015,54.512426166666664,-6.763839333333333,1.11,76.9,46.07353045836899,29.875,22.1875,101.94142873642966
2026-04-12 13:20:46,GPS,132046,54.51293033333334,-6.763838,1.05,139.3,46.112965177734566,29.9375,22.1875,101.9409517085756
2026-04-12 13:21:20,GPS,132120,54.5126575,-6.763865,0.82,93.3,45.96018244037466,30.0,22.1875,101.9427998773815
2026-04-12 13:21:52,GPS,132152,54.51260833333333,-6.7639295,1.04,93.0,46.109268363817286,30.0625,22.25,101.9409964275494
2026-04-12 13:22:24,GPS,132224,54.51239283333334,-6.7638075,0.81,81.8,45.7359346246723,30.125,22.3125,101.94551258780801
2026-04-12 13:23:00,GPS,132300,54.5124685,-6.763849666666666,0.83,110.4,45.80084809136327,30.1875,22.375,101.94472732804859
2026-04-12 13:23:34,GPS,132334,54.51277566666667,-6.763589,1.08,157.4,46.12076717996396,30.3125,22.4375,101.94085733072798
2026-04-12 13:24:08,GPS,132408,54.51272783333334,-6.763886,0.97,116.5,46.43776641894689,30.375,22.375,101.93702277157679
2026-04-12 13:24:36,GPS,132436,54.512718166666666,-6.763996833333334,0.98,113.1,45.90102939373853,30.4375,22.375,101.94351544204899
2026-04-12 13:25:08,GPS,132508,54.512447,-6.764049333333333,0.78,95.5,46.364224078850214,30.4375,22.3125,101.93791236095203
2026-04-12 13:25:41,GPS,132541,54.512581,-6.7640205,1.0,89.5,46.282867854206046,30.5625,22.375,101.93889647665364
2026-04-12 13:26:09,GPS,132609,0.0,0.0,0.0,0.0,45.97589213363646,30.5625,22.3125,101.94260984049164
2026-04-12 13:26:46,GPS,132646,54.512695,-6.7640005,0.75,116.1,46.14701932797276,30.625,22.3125,101.94053976901783
2026-04-12 13:27:19,GPS,132719,54.512674833333335,-6.7640666666666664,0.77,112.6,46.02645555272525,30.6875,22.3125,101.94199818728171
2026-04-12 13:27:50,GPS,132750,54.51274,-6.7640286666666665,0.96,130.6,46.197098077758724,30.75,22.3125,101.9399339886792
2026-04-12 13:28:19,GPS,132819,0.0,0.0,0.0,0.0,46.47854109738915,30.8125,22.25,101.93652955200471
2026-04-12 13:28:55,GPS,132855,54.5124935,-6.763961,0.76,91.6,46.23115250445407,30.875,22.3125,101.93952204910718
2026-04-12 13:29:25,GPS,132925,54.51248483333333,-6.7638696666666664,4.18,88.9,46.7355398911329,30.875,22.3125,101.93342088195178
2026-04-12 13:29:57,GPS,132957,54.5125175,-6.763912666666666,1.12,91.1,46.72318836598617,31.0,22.3125,101.93357028485163
2026-04-12 13:30:28,GPS,133028,54.51253166666667,-6.763961833333333,0.77,89.6,46.52514051693403,31.0625,22.3125,101.9359658774358
2026-04-12 13:30:59,GPS,133059,54.5126195,-6.763927666666667,0.75,91.9,46.98484374910484,31.0625,22.3125,101.93040536356932
2026-04-12 13:31:32,GPS,133132,54.512574666666666,-6.763930666666667,0.73,97.1,46.67156409821929,31.125,22.3125,101.93419472911432
2026-04-12 13:32:04,GPS,133204,54.512566666666665,-6.763885833333333,0.86,94.2,46.679129571151634,31.1875,22.3125,101.93410321738216
