1609459206, 18.44687, 1022.943, 85.0, 85.0, None, None, None, None, 99.99 
1609459222, 18.45946, 1022.901, 16.0, 19.0, None, None, None, None, 99.99 
1609459226, 18.47956, 1022.935, 16.0625, 19.5, 103312.00, None, None, None, 99.99 
1609459229, 18.4841, 1022.958, 16.0625, 19.625, 103315.00, None, None, None, 99.99 
1609459233, 18.4924, 1022.921, 16.0, 19.6875, 103319.00, None, None, None, 99.99 
1609459236, 18.49444, 1022.918, 15.9375, 19.8125, 103322.00, None, None, None, 99.99 
1609459240, 18.48561, 1022.905, 15.875, 19.875, None, None, None, None, 99.99 
1609459244, 18.47659, 1022.901, 15.875, 19.75, 103329.00, 54.35352, -6.65082, 52.4, 3.94 
1609459247, 18.46941, 1022.908, 15.875, 20.0, 103329.00, 54.35352, -6.65082, 52.4, 3.94 
1609459250, 18.4673, 1022.916, 15.8125, 19.8125, 103336.00, 54.35361, -6.650777, 70.4, 2.06 
1609459254, 18.45682, 1022.823, 15.8125, 19.625, None, None, None, None, 99.99 
1609459257, 18.46888, 1022.948, 15.875, 19.625, 103343.00, 54.35363, -6.650784, 75.0, 2.06 
1609459261, 18.45557, 1022.975, 15.875, 20.0, None, None, None, None, 99.99 
1609459264, 18.45946, 1022.955, 15.875, 20.375, 103350.00, 54.35362, -6.650802, 75.9, 2.07 
1609459268, 18.46025, 1023.006, 15.9375, 20.75, 103350.00, 54.35362, -6.650802, 75.9, 2.07 
1609459271, 18.45886, 1022.981, 15.9375, 21.0625, 103357.00, 54.35362, -6.650806, 74.1, 1.99 
1609459275, 18.46005, 1022.944, 16.0, 21.375, 103357.00, 54.35362, -6.650806, 74.1, 1.99 
1609459278, 18.47666, 1022.925, 16.0, 21.8125, 103404.00, 54.35362, -6.650802, 72.9, 1.16 
1609459282, 18.47382, 1022.952, 16.0, 22.25, None, None, None, None, 99.99 
1609459286, 18.47672, 1022.787, 16.0, 22.6875, 103411.00, 54.35361, -6.6508, 71.6, 1.16 
1609459289, 18.51348, 1022.973, 16.0, 23.0625, 103411.00, 54.35361, -6.6508, 71.6, 1.16 
1609459292, 18.51881, 1022.944, 16.0625, 23.375, 103418.00, 54.35361, -6.650793, 71.7, 1.16 
1609459296, 18.51572, 1022.933, 16.0625, 23.6875, None, None, None, None, 99.99 
1609459300, 18.50591, 1022.917, 16.0, 23.9375, 103425.00, 54.35361, -6.650793, 72.1, 1.13 
1609459303, 18.51743, 1022.946, 15.9375, 24.1875, None, None, None, None, 99.99 
1609459307, 18.52105, 1022.929, 15.875, 24.4375, None, None, None, None, 99.99 
1609459311, 18.5335, 1022.739, 15.8125, 24.6875, 103436.00, 54.35362, -6.650804, 70.9, 1.12 
1609459314, 18.55879, 1022.985, 15.8125, 24.875, 103436.00, 54.35362, -6.650804, 70.9, 1.12 
1609459317, 18.56326, 1022.977, 15.875, 25.125, 103443.00, 54.35363, -6.6508, 68.5, 1.12 
1609459321, 18.57235, 1022.951, 15.875, 25.375, None, None, None, None, 99.99 
1609459324, 18.57781, 1022.967, 15.875, 25.5625, 103450.00, 54.35363, -6.650788, 64.8, 1.12 
1609459328, 18.58216, 1022.97, 15.8125, 25.75, None, None, None, None, 99.99 
1609459332, 18.58722, 1022.983, 15.75, 25.9375, 103457.00, 54.35362, -6.6508, 66.7, 1.12 
1609459335, 18.59032, 1022.972, 15.75, 26.125, 103457.00, 54.35362, -6.6508, 66.7, 1.12 
1609459339, 18.59532, 1022.977, 15.75, 26.3125, None, None, None, None, 99.99 
1609459342, 18.59973, 1022.991, 15.8125, 26.5, 103508.00, 54.3536, -6.650798, 69.1, 0.95 
1609459346, 18.60118, 1023.008, 15.75, 26.6875, None, None, None, None, 99.99 
1609459350, 18.60638, 1022.974, 15.75, 26.875, 103515.00, 54.3536, -6.650785, 68.2, 0.95 
1609459353, 18.61197, 1022.974, 15.875, 27.0625, 103515.00, 54.3536, -6.650785, 68.2, 0.95 
1609459356, 18.61678, 1022.991, 15.875, 27.1875, 103522.00, 54.3536, -6.650793, 69.7, 0.95 
1609459360, 18.61842, 1023.024, 15.8125, 27.375, 103522.00, 54.3536, -6.650793, 69.7, 0.95 
1609459364, 18.62237, 1023.003, 15.875, 27.5625, None, None, None, None, 99.99 
1609459367, 18.62684, 1023.003, 16.0, 27.75, 103533.00, 54.35359, -6.65079, 69.0, 0.95 
1609459371, 18.63698, 1022.993, 16.0, 27.875, None, None, None, None, 99.99 
1609459375, 18.64908, 1022.977, 16.0625, 28.0, 103540.00, 54.3536, -6.650786, 68.2, 0.95 
1609459378, 18.65941, 1022.988, 16.1875, 28.1875, None, None, None, None, 99.99 
1609459381, 18.67198, 1022.988, 16.25, 28.3125, 103547.00, 54.3536, -6.650777, 68.4, 0.95 
1609459385, 18.68395, 1022.941, 16.25, 28.4375, 103547.00, 54.3536, -6.650777, 68.4, 0.95 
1609459389, 18.69874, 1022.951, 16.3125, 28.5625, 103554.00, 54.3536, -6.650785, 68.8, 0.95 
1609459392, 18.71137, 1022.975, 16.4375, 28.75, 103554.00, 54.3536, -6.650785, 68.8, 0.95 
1609459396, 18.72425, 1022.963, 16.625, 28.875, None, None, None, None, 99.99 
1609459399, 18.73826, 1023.022, 16.75, 29.0, 103605.00, 54.3536, -6.65079, 69.6, 0.95 
1609459403, 18.75101, 1023.015, 16.875, 29.125, None, None, None, None, 99.99 
1609459406, 18.76212, 1022.995, 17.0, 29.25, 103609.00, 54.3536, -6.6508, 69.4, 0.95 
1609459410, 18.77658, 1022.987, 17.1875, 29.4375, 103609.00, 54.3536, -6.6508, 69.4, 0.95 
1609459413, 18.79123, 1022.99, 17.25, 29.5625, 103616.00, 54.3536, -6.650792, 69.4, 0.95 
1609459418, 18.81245, 1022.98, 17.25, 29.6875, 103616.00, 54.3536, -6.650792, 69.4, 0.95 
1609459421, 18.82586, 1022.98, 17.25, 29.8125, 103624.00, 54.35359, -6.650788, 68.8, 0.95 
1609459425, 18.84168, 1022.978, 17.3125, 30.0, None, None, None, None, 99.99 
1609459428, 18.85705, 1023.019, 17.375, 30.0625, 103631.00, 54.35358, -6.650793, 67.9, 0.95 
1609459432, 18.87111, 1023.021, 17.375, 30.1875, None, None, None, None, 99.99 
1609459435, 18.88502, 1023.032, 17.375, 30.3125, 103638.00, 54.35358, -6.650793, 67.5, 0.95 
1609459439, 18.90314, 1022.99, 17.375, 30.4375, None, None, None, None, 99.99 
1609459442, 18.91706, 1022.972, 17.4375, 30.5625, 103645.00, 54.35358, -6.650795, 66.6, 1.08 
1609459446, 18.9355, 1022.988, 17.5, 30.6875, None, None, None, None, 99.99 
1609459450, 18.95132, 1022.987, 17.3125, 30.75, None, None, None, None, 99.99 
1609459454, 18.96831, 1023.001, 17.125, 30.875, 103656.00, 54.35359, -6.650795, 65.5, 0.95 
1609459457, 18.98563, 1022.965, 16.9375, 30.9375, 103656.00, 54.35359, -6.650795, 65.5, 0.95 
1609459460, 18.99672, 1022.975, 16.9375, 31.0625, 103703.00, 54.35359, -6.650795, 65.7, 0.95 
1609459464, 19.01147, 1022.962, 17.0, 31.1875, None, None, None, None, 99.99 
1609459467, 19.02793, 1022.961, 17.0625, 31.25, 103710.00, 54.35359, -6.650793, 65.7, 0.95 
1609459471, 19.0419, 1022.98, 17.3125, 31.375, None, None, None, None, 99.99 
1609459475, 19.06039, 1022.945, 17.5625, 31.4375, 103717.00, 54.35359, -6.650793, 64.8, 0.95 
1609459479, 19.07514, 1022.966, 17.6875, 31.5625, None, None, None, None, 99.99 
1609459482, 19.09119, 1022.991, 17.8125, 31.625, 103725.00, 54.3536, -6.650793, 66.6, 0.95 
1609459486, 19.106, 1022.978, 17.9375, 31.6875, None, None, None, None, 99.99 
1609459489, 19.12193, 1022.974, 18.125, 31.8125, 103732.00, 54.3536, -6.650788, 66.8, 0.95 
1609459493, 19.13483, 1022.982, 18.375, 31.875, None, None, None, None, 99.99 
1609459497, 19.15566, 1023.066, 18.5, 32.0, 103739.00, 54.35359, -6.65079, 66.0, 1.18 
1609459500, 19.17014, 1023.061, 18.6875, 32.0625, None, None, None, None, 99.99 
1609459505, 19.1854, 1023.024, 18.75, 32.1875, None, None, None, None, 99.99 
1609459508, 19.20648, 1023.008, 18.8125, 32.25, 103751.00, 54.35359, -6.650795, 64.8, 1.08 
1609459512, 19.22252, 1023.033, 19.0, 32.375, 103755.00, 54.35359, -6.650793, 64.0, 0.95 
1609459515, 19.23345, 1023.007, 19.125, 32.5, 103758.00, 54.35359, -6.650793, 63.5, 0.95 
1609459518, 19.24864, 1023.039, 19.3125, 32.5, 103801.00, 54.35359, -6.650793, 63.8, 0.95 
1609459522, 19.26343, 1023.026, 19.4375, 32.625, None, None, None, None, 99.99 
1609459526, 19.27979, 1023.032, 19.6875, 32.6875, 103808.00, 54.35359, -6.650798, 64.1, 0.95 
1609459529, 19.29438, 1023.037, 19.875, 32.75, 103808.00, 54.35359, -6.650798, 64.1, 0.95 
1609459533, 19.31125, 1023.039, 20.0, 32.8125, 103815.00, 54.35359, -6.650798, 64.4, 1.01 
1609459537, 19.32878, 1022.993, 20.125, 32.875, None, None, None, None, 99.99 
1609459540, 19.3501, 1022.949, 20.1875, 32.9375, 103823.00, 54.3536, -6.650802, 65.1, 0.95 
1609459544, 19.36299, 1022.998, 20.25, 32.9375, None, None, None, None, 99.99 
1609459547, 19.38025, 1023.073, 20.25, 33.0, 103830.00, 54.35361, -6.650795, 64.3, 0.95 
1609459551, 19.39855, 1023.035, 20.0, 33.0, None, None, None, None, 99.99 
1609459555, 19.41489, 1023.057, 19.75, 33.0625, None, None, None, None, 99.99 
1609459558, 19.43443, 1023.073, 19.375, 33.125, 103841.00, 54.35361, -6.650788, 64.7, 0.95 
1609459563, 19.45122, 1023.05, 19.0, 33.1875, None, None, None, None, 99.99 
1609459566, 19.46899, 1023.057, 18.625, 33.1875, 103849.00, 54.35361, -6.650785, 64.6, 1.22 
1609459570, 19.48532, 1023.075, 18.5, 33.25, None, None, None, None, 99.99 
1609459574, 19.50204, 1023.05, 18.5, 33.25, 103856.00, 54.35361, -6.650786, 64.3, 0.95 
1609459577, 19.51914, 1023.053, 18.375, 33.3125, 103856.00, 54.35361, -6.650786, 64.3, 0.95 
1609459581, 19.54049, 1023.073, 18.3125, 33.3125, 103903.00, 54.35361, -6.650784, 65.3, 1.00 
1609459584, 19.55766, 1023.058, 18.1875, 33.375, 103903.00, 54.35361, -6.650784, 65.3, 1.00 
1609459588, 19.57059, 1023.067, 18.25, 33.4375, None, None, None, None, 99.99 
1609459592, 19.59264, 1023.028, 18.25, 33.4375, 103914.00, 54.35361, -6.650782, 65.6, 1.00 
1609459595, 19.60869, 1023.062, 18.3125, 33.5, None, None, None, None, 99.99 
1609459599, 19.62774, 1023.034, 18.375, 33.5625, 103922.00, 54.3536, -6.65078, 67.1, 0.95 
1609459602, 19.64333, 1023.037, 18.4375, 33.5625, 103925.00, 54.3536, -6.65078, 66.8, 0.95 
1609459606, 19.65827, 1023.011, 18.5625, 33.625, None, None, None, None, 99.99 
1609459609, 19.67731, 1023.004, 18.6875, 33.625, 103932.00, 54.35359, -6.650778, 67.0, 0.95 
1609459613, 19.69361, 1023.032, 18.6875, 33.6875, None, None, None, None, 99.99 
1609459616, 19.71206, 1023.047, 18.75, 33.8125, 103939.00, 54.3536, -6.650778, 67.1, 0.95 
1609459621, 19.73083, 1023.013, 18.6875, 33.8125, None, None, None, None, 99.99 
1609459624, 19.75155, 1023.012, 18.5625, 33.875, 103947.00, 54.3536, -6.650775, 66.9, 0.95 
1609459628, 19.76732, 1023.016, 18.5625, 33.875, None, None, None, None, 99.99 
1609459632, 19.78673, 1023.005, 18.5, 33.9375, 103954.00, 54.3536, -6.65078, 67.0, 0.95 
1609459635, 19.80451, 1023.016, 18.3125, 33.9375, 103954.00, 54.3536, -6.65078, 67.0, 0.95 
1609459638, 19.82444, 1023.005, 18.125, 34.0, 104001.00, 54.35361, -6.650785, 67.1, 0.95 
1609459642, 19.8387, 1023.021, 18.0625, 34.0, None, None, None, None, 99.99 
1609459645, 19.85719, 1023.035, 18.0625, 34.0625, 104008.00, 54.3536, -6.650782, 67.2, 0.95 
1609459649, 19.87776, 1023.057, 18.0, 34.125, None, None, None, None, 99.99 
1609459653, 19.89553, 1023.039, 18.0, 34.125, None, None, None, None, 99.99 
1609459656, 19.91278, 1023.051, 17.875, 34.125, 104019.00, 54.3536, -6.65078, 66.8, 0.81 
1609459660, 19.928, 1023.054, 18.25, 34.1875, None, None, None, None, 99.99 
1609459664, 19.95175, 1023.007, 18.4375, 34.25, 104026.00, 54.3536, -6.650782, 66.9, 0.81 
1609459667, 19.96937, 1022.975, 18.625, 34.25, 104026.00, 54.3536, -6.650782, 66.9, 0.81 
1609459671, 19.98804, 1022.984, 18.6875, 34.3125, 104026.00, 54.3536, -6.650782, 66.9, 0.81 
1609459674, 20.00611, 1023.006, 18.6875, 34.375, 104037.00, 54.3536, -6.650782, 65.2, 0.81 
1609459679, 20.02497, 1022.993, 18.6875, 34.375, None, None, None, None, 99.99 
1609459682, 20.04558, 1022.993, 18.8125, 34.4375, 104045.00, 54.3536, -6.65079, 64.1, 0.81 
1609459686, 20.06235, 1022.995, 18.9375, 34.4375, None, None, None, None, 99.99 
1609459689, 20.08257, 1023.028, 19.0, 34.5, 104052.00, 54.3536, -6.650795, 64.5, 0.81 
1609459693, 20.09961, 1023.022, 18.875, 34.5625, None, None, None, None, 99.99 
1609459696, 20.11872, 1023.036, 18.875, 34.5625, 104059.00, 54.3536, -6.650793, 65.0, 0.81 
1609459700, 20.13784, 1023.004, 18.875, 34.625, None, None, None, None, 99.99 
1609459704, 20.15624, 1023.041, 18.75, 34.6875, None, None, None, None, 99.99 
1609459708, 20.17874, 1023.036, 18.5, 34.6875, 104110.00, 54.3536, -6.650797, 64.3, 0.81 
1609459712, 20.19701, 1023.073, 18.1875, 34.75, None, None, None, None, 99.99 
1609459716, 20.22113, 1023.014, 18.0625, 34.75, 104118.00, 54.3536, -6.650784, 64.4, 0.81 
1609459719, 20.23843, 1022.999, 17.9375, 34.8125, 104118.00, 54.3536, -6.650784, 64.4, 0.81 
1609459723, 20.25741, 1023.015, 17.75, 34.8125, 104118.00, 54.3536, -6.650784, 64.4, 0.81 
1609459726, 20.27666, 1022.985, 17.5625, 34.875, 104129.00, 54.3536, -6.65079, 66.8, 0.88 
1609459730, 20.29467, 1023.014, 17.4375, 34.875, None, None, None, None, 99.99 
1609459733, 20.31372, 1023.003, 17.4375, 34.9375, 104136.00, 54.3536, -6.650784, 67.6, 0.94 
1609459738, 20.33439, 1023.006, 17.5, 34.9375, None, None, None, None, 99.99 
1609459741, 20.35494, 1023.003, 17.5625, 35.0, 104144.00, 54.3536, -6.65079, 67.5, 0.94 
1609459745, 20.37366, 1023.015, 17.5, 35.0, None, None, None, None, 99.99 
1609459748, 20.39161, 1023.005, 17.4375, 35.0, 104151.00, 54.3536, -6.650795, 67.2, 0.81 
1609459752, 20.40891, 1023.032, 17.375, 35.0625, None, None, None, None, 99.99 
1609459755, 20.42822, 1023.017, 17.3125, 35.0625, 104158.00, 54.3536, -6.650795, 67.6, 0.81 
1609459759, 20.44753, 1023.0, 17.375, 35.125, None, None, None, None, 99.99 
1609459762, 20.46684, 1023.034, 17.4375, 35.125, 104205.00, 54.3536, -6.650797, 68.1, 0.81 
1609459767, 20.48894, 1022.974, 17.4375, 35.1875, None, None, None, None, 99.99 
1609459770, 20.51027, 1022.964, 17.5, 35.1875, 104213.00, 54.35359, -6.650797, 68.7, 0.81 
1609459774, 20.52646, 1022.949, 17.375, 35.25, None, None, None, None, 99.99 
1609459777, 20.54707, 1022.97, 17.375, 35.25, 104220.00, 54.35359, -6.650792, 69.8, 0.81 
1609459781, 20.56755, 1023.007, 17.3125, 35.3125, None, None, None, None, 99.99 
1609459785, 20.5879, 1023.038, 17.25, 35.3125, None, None, None, None, 99.99 
1609459788, 20.60858, 1023.025, 17.25, 35.375, 104231.00, 54.3536, -6.65079, 68.4, 0.81 
1609459792, 20.62581, 1023.004, 17.25, 35.375, 104231.00, 54.3536, -6.65079, 68.4, 0.81 
1609459797, 20.65097, 1022.981, 17.125, 35.375, 104238.00, 54.3536, -6.650778, 67.5, 0.88 
1609459800, 20.66924, 1023.002, 17.0, 35.4375, 104238.00, 54.3536, -6.650778, 67.5, 0.88 
1609459803, 20.68634, 1022.959, 17.0, 35.4375, 104246.00, 54.35361, -6.650775, 69.1, 0.88 
1609459807, 20.70578, 1022.968, 16.9375, 35.5, None, None, None, None, 99.99 
1609459810, 20.72737, 1022.981, 16.9375, 35.5, 104253.00, 54.35361, -6.650773, 69.6, 0.88 
1609459814, 20.74362, 1022.986, 16.9375, 35.5, None, None, None, None, 99.99 
1609459818, 20.76313, 1022.99, 17.0, 35.5625, 104300.00, 54.35361, -6.650775, 68.3, 0.81 
1609459821, 20.78192, 1023.005, 17.0625, 35.5625, 104300.00, 54.35361, -6.650775, 68.3, 0.81 
1609459826, 20.80851, 1022.942, 17.0625, 35.625, 104307.00, 54.3536, -6.650773, 67.4, 0.81 
1609459829, 20.82581, 1022.948, 17.0625, 35.625, 104307.00, 54.3536, -6.650773, 67.4, 0.81 
1609459833, 20.84661, 1022.99, 17.0625, 35.6875, 104315.00, 54.3536, -6.650775, 67.5, 0.88 
1609459836, 20.86456, 1022.974, 17.0625, 35.6875, 104315.00, 54.3536, -6.650775, 67.5, 0.88 
1609459839, 20.88361, 1022.978, 17.0, 35.6875, 104322.00, 54.3536, -6.650775, 67.8, 0.94 
1609459843, 20.90253, 1022.858, 16.875, 35.6875, None, None, None, None, 99.99 
1609459846, 20.92249, 1022.961, 16.875, 35.75, 104329.00, 54.3536, -6.650773, 67.2, 0.94 
1609459850, 20.93927, 1022.873, 17.0, 35.75, None, None, None, None, 99.99 
1609459855, 20.96833, 1022.973, 17.0, 35.8125, 104336.00, 54.35359, -6.650778, 67.2, 0.81 
1609459858, 20.98465, 1022.965, 17.125, 35.8125, None, None, None, None, 99.99 
1609459861, 21.00461, 1022.97, 17.0625, 35.875, 104344.00, 54.3536, -6.650778, 67.7, 0.81 
1609459865, 21.02073, 1022.95, 17.0625, 35.875, None, None, None, None, 99.99 
1609459868, 21.0405, 1022.986, 17.0625, 35.875, 104351.00, 54.3536, -6.65078, 68.6, 0.81 
1609459872, 21.05695, 1023.007, 17.1875, 35.9375, None, None, None, None, 99.99 
1609459875, 21.07782, 1022.977, 17.25, 35.9375, 104358.00, 54.35361, -6.650784, 68.9, 0.81 
1609459879, 21.09479, 1022.946, 17.25, 35.9375, None, None, None, None, 99.99 
1609459884, 21.12021, 1022.942, 17.1875, 35.9375, 104405.00, 54.35361, -6.650784, 67.9, 0.81 
1609459887, 21.13966, 1022.992, 17.25, 36.0, 104405.00, 54.35361, -6.650784, 67.9, 0.81 
1609459890, 21.15611, 1022.95, 17.25, 36.0, 104413.00, 54.35361, -6.650782, 66.4, 0.81 
1609459894, 21.17607, 1022.999, 17.125, 36.0, None, None, None, None, 99.99 
1609459897, 21.19388, 1022.918, 17.0625, 36.0625, 104420.00, 54.35361, -6.650782, 66.0, 0.81 
1609459901, 21.21456, 1022.915, 17.125, 36.0625, None, None, None, None, 99.99 
1609459904, 21.23419, 1022.917, 17.125, 36.125, 104427.00, 54.3536, -6.65078, 65.5, 0.81 
1609459908, 21.2522, 1022.919, 17.125, 36.125, None, None, None, None, 99.99 
1609459913, 21.27932, 1022.939, 17.125, 36.125, 104434.00, 54.3536, -6.650778, 65.5, 0.81 
1609459916, 21.29635, 1022.981, 17.0625, 36.125, 104434.00, 54.3536, -6.650778, 65.5, 0.81 
1609459919, 21.31358, 1022.956, 17.0625, 36.1875, 104442.00, 54.35361, -6.650778, 65.5, 0.81 
1609459923, 21.33322, 1022.927, 17.0, 36.1875, None, None, None, None, 99.99 
1609459927, 21.35448, 1022.941, 16.9375, 36.1875, 104449.00, 54.35361, -6.650775, 65.5, 0.81 
1609459930, 21.37125, 1022.931, 16.9375, 36.25, 104449.00, 54.35361, -6.650775, 65.5, 0.81 
1609459933, 21.39128, 1022.94, 16.875, 36.25, 104456.00, 54.3536, -6.650778, 65.4, 0.81 
1609459937, 21.41001, 1022.985, 16.9375, 36.25, None, None, None, None, 99.99 
1609459942, 21.43686, 1022.903, 17.0, 36.25, 104503.00, 54.35361, -6.650777, 65.4, 0.81 
1609459945, 21.45604, 1022.92, 17.75, 36.3125, 104503.00, 54.35361, -6.650777, 65.4, 0.81 
1609459948, 21.47359, 1022.948, 17.8125, 36.3125, 104511.00, 54.35361, -6.650775, 65.9, 0.81 
1609459952, 21.4931, 1022.911, 17.8125, 36.3125, None, None, None, None, 99.99 
1609459955, 21.50935, 1022.919, 17.6875, 36.375, 104518.00, 54.35361, -6.65077, 66.5, 0.81 
1609459959, 21.53042, 1022.954, 17.5625, 36.375, None, None, None, None, 99.99 
1609459962, 21.55019, 1022.963, 17.5, 36.375, 104525.00, 54.35361, -6.650772, 66.6, 0.81 
1609459966, 21.5678, 1022.958, 17.375, 36.4375, None, None, None, None, 99.99 
1609459971, 21.59674, 1022.931, 17.3125, 36.4375, 104532.00, 54.35361, -6.650773, 66.5, 0.81 
1609459975, 21.61501, 1022.895, 17.375, 36.4375, None, None, None, None, 99.99 
1609459978, 21.63718, 1022.917, 17.4375, 36.4375, 104541.00, 54.35361, -6.650775, 66.2, 0.88 
1609459982, 21.65337, 1022.884, 17.4375, 36.5, None, None, None, None, 99.99 
1609459985, 21.67301, 1022.908, 17.375, 36.5, 104548.00, 54.35361, -6.650773, 65.3, 0.81 
1609459989, 21.69069, 1022.93, 17.3125, 36.5, None, None, None, None, 99.99 
1609459992, 21.71072, 1022.949, 17.25, 36.5625, 104555.00, 54.35361, -6.650772, 64.8, 0.81 
1609459996, 21.72964, 1022.928, 17.25, 36.5, None, None, None, None, 99.99 
1609460001, 21.75721, 1022.91, 17.25, 36.5625, 104602.00, 54.35361, -6.650773, 65.0, 0.81 
1609460004, 21.77418, 1022.908, 17.1875, 36.5625, None, None, None, None, 99.99 
1609460008, 21.79414, 1022.94, 17.3125, 36.5625, None, None, None, None, 99.99 
1609460011, 21.81364, 1022.924, 17.4375, 36.625, 104614.00, 54.35361, -6.650775, 65.8, 0.81 
1609460015, 21.83282, 1022.93, 17.5625, 36.625, None, None, None, None, 99.99 
1609460018, 21.8509, 1022.947, 17.625, 36.625, 104621.00, 54.35361, -6.65078, 65.8, 0.81 
1609460022, 21.87197, 1022.944, 17.6875, 36.625, None, None, None, None, 99.99 
1609460025, 21.88965, 1022.952, 17.875, 36.6875, 104628.00, 54.35361, -6.650782, 66.3, 0.81 
1609460030, 21.91527, 1022.932, 18.0, 36.6875, None, None, None, None, 99.99 
1609460034, 21.9336, 1022.933, 18.6875, 36.6875, 104636.00, 54.35361, -6.65078, 66.3, 0.81 
1609460037, 21.95363, 1022.951, 19.25, 36.75, None, None, None, None, 99.99 
1609460041, 21.97066, 1022.944, 19.75, 36.75, 104643.00, 54.35361, -6.650778, 66.8, 0.98 
1609460044, 21.989, 1022.931, 20.0625, 36.75, None, None, None, None, 99.99 
1609460048, 22.00929, 1022.905, 20.25, 36.75, 104650.00, 54.35361, -6.650778, 66.2, 0.81 
1609460051, 22.02749, 1022.926, 20.375, 36.75, None, None, None, None, 99.99 
1609460054, 22.04739, 1022.904, 20.5625, 36.8125, 104657.00, 54.35361, -6.650777, 67.3, 0.81 
1609460059, 22.07288, 1022.914, 20.5625, 36.8125, None, None, None, None, 99.99 
1609460063, 22.09056, 1022.916, 20.625, 36.8125, None, None, None, None, 99.99 
1609460067, 22.11293, 1022.859, 20.75, 36.875, 104709.00, 54.35361, -6.65077, 68.6, 0.75 
1609460070, 22.13107, 1022.801, 20.875, 36.875, 104709.00, 54.35361, -6.65077, 68.6, 0.75 
1609460073, 22.1496, 1022.922, 20.8125, 36.875, 104716.00, 54.35361, -6.650773, 68.2, 0.75 
1609460077, 22.17014, 1022.928, 20.8125, 36.875, None, None, None, None, 99.99 
1609460080, 22.18679, 1022.912, 20.75, 36.875, 104723.00, 54.3536, -6.65077, 68.2, 0.75 
1609460084, 22.20714, 1022.933, 20.625, 36.9375, None, None, None, None, 99.99 
1609460089, 22.23503, 1022.926, 20.625, 36.9375, 104730.00, 54.3536, -6.650768, 68.8, 0.75 
1609460092, 22.25395, 1022.925, 20.75, 36.9375, None, None, None, None, 99.99 
1609460096, 22.27515, 1022.905, 20.8125, 36.9375, 104739.00, 54.3536, -6.650764, 68.7, 0.83 
1609460099, 22.29186, 1022.9, 20.75, 37.0, 104742.00, 54.3536, -6.650762, 68.6, 0.75 
1609460103, 22.30993, 1022.904, 20.625, 37.0, None, None, None, None, 99.99 
1609460106, 22.33113, 1022.886, 20.5, 37.0, 104749.00, 54.35361, -6.650758, 68.7, 0.75 
1609460110, 22.34804, 1022.891, 20.375, 37.0, None, None, None, None, 99.99 
1609460114, 22.37027, 1022.894, 20.375, 37.0625, 104756.00, 54.35361, -6.650755, 69.5, 0.75 
1609460118, 22.39531, 1022.897, 20.375, 37.0625, None, None, None, None, 99.99 
1609460122, 22.41461, 1022.913, 20.3125, 37.0625, 104805.00, 54.3536, -6.65075, 69.4, 0.75 
1609460126, 22.43737, 1022.932, 20.4375, 37.0625, 104808.00, 54.3536, -6.650753, 68.6, 0.75 
1609460129, 22.45486, 1022.927, 20.5, 37.125, 104812.00, 54.3536, -6.650764, 67.0, 0.75 
1609460132, 22.47222, 1022.912, 20.375, 37.125, 104815.00, 54.3536, -6.650768, 66.2, 0.75 
1609460136, 22.49316, 1022.915, 20.3125, 37.125, None, None, None, None, 99.99 
1609460139, 22.51299, 1022.854, 20.1875, 37.125, 104822.00, 54.35359, -6.650775, 65.5, 0.75 
1609460143, 22.5323, 1022.868, 20.125, 37.125, None, None, None, None, 99.99 
1609460148, 22.56065, 1022.864, 20.0, 37.1875, 104829.00, 54.35359, -6.650782, 64.2, 0.76 
1609460151, 22.57963, 1022.862, 19.8125, 37.1875, None, None, None, None, 99.99 
1609460155, 22.60271, 1022.872, 19.625, 37.1875, 104838.00, 54.3536, -6.650785, 64.5, 0.76 
1609460159, 22.62274, 1022.885, 19.4375, 37.1875, None, None, None, None, 99.99 
1609460162, 22.6416, 1022.903, 19.3125, 37.1875, 104845.00, 54.3536, -6.650773, 66.5, 0.76 
1609460166, 22.66117, 1022.867, 19.1875, 37.25, None, None, None, None, 99.99 
1609460169, 22.67898, 1022.881, 19.1875, 37.25, 104852.00, 54.3536, -6.650772, 66.5, 0.76 
1609460173, 22.69862, 1022.888, 19.25, 37.25, None, None, None, None, 99.99 
1609460179, 22.73126, 1022.862, 19.25, 37.25, 104859.00, 54.3536, -6.650767, 66.8, 0.76 
1609460182, 22.74998, 1022.912, 19.8125, 37.25, None, None, None, None, 99.99 
1609460186, 22.77053, 1022.909, 20.0, 37.3125, 104908.00, 54.3536, -6.650765, 67.9, 0.76 
1609460189, 22.79108, 1022.9, 20.1875, 37.3125, 104908.00, 54.3536, -6.650765, 67.9, 0.76 
1609460193, 22.81058, 1022.906, 20.4375, 37.3125, 104915.00, 54.3536, -6.650773, 65.2, 0.76 
1609460196, 22.82742, 1022.937, 20.3125, 37.3125, 104915.00, 54.3536, -6.650773, 65.2, 0.76 
1609460199, 22.84823, 1022.966, 20.125, 37.3125, 104922.00, 54.3536, -6.650784, 63.9, 0.94 
1609460203, 22.86656, 1022.945, 20.0625, 37.375, None, None, None, None, 99.99 
1609460208, 22.8981, 1022.89, 20.0625, 37.375, 104929.00, 54.3536, -6.650782, 65.2, 0.76 
1609460211, 22.91396, 1022.888, 19.875, 37.375, 104934.00, 54.3536, -6.650788, 65.0, 0.76 
1609460215, 22.93314, 1022.883, 19.75, 37.375, 104938.00, None, None, 0.053, W 
1609460219, 22.95818, 1022.825, 19.6875, 37.4375, 104941.00, 54.3536, -6.650788, 66.5, 0.81 
1609460222, 22.97755, 1022.846, 19.6875, 37.375, None, None, None, None, 99.99 
1609460226, 22.99634, 1022.843, 19.625, 37.4375, None, None, None, None, 99.99 
1609460229, 23.01604, 1022.837, 19.5625, 37.4375, 104952.00, 54.3536, -6.650782, 67.2, 0.76 
1609460233, 23.03698, 1022.875, 19.4375, 37.4375, None, None, None, None, 99.99 
1609460238, 23.06578, 1022.835, 19.5, 37.5, 104959.00, 54.3536, -6.650782, 67.4, 0.91 
1609460242, 23.0821, 1022.859, 19.5625, 37.5, None, None, None, None, 99.99 
1609460245, 23.10135, 1022.845, 19.4375, 37.5, 105008.00, 54.35361, -6.650786, 67.2, 0.73 
1609460248, 23.12072, 1022.9, 19.375, 37.5, 105008.00, 54.35361, -6.650786, 67.2, 0.73 
1609460252, 23.13581, 1022.9, 19.375, 37.5, None, None, None, None, 99.99 
1609460255, 23.1559, 1022.871, 19.3125, 37.5625, 105018.00, 54.35361, -6.650784, 67.6, 0.73 
1609460259, 23.17469, 1022.857, 19.3125, 37.5625, None, None, None, None, 99.99 
1609460263, 23.19927, 1022.87, 19.375, 37.5625, 105025.00, 54.35361, -6.650785, 68.0, 0.77 
1609460268, 23.22579, 1022.861, 19.5625, 37.5625, 105025.00, 54.35361, -6.650785, 68.0, 0.77 
1609460272, 23.24582, 1022.841, 19.75, 37.5625, 105034.00, 54.35361, -6.650784, 68.0, 0.76 
1609460275, 23.265, 1022.867, 19.6875, 37.5625, None, None, None, None, 99.99 
1609460279, 23.28275, 1022.856, 19.75, 37.625, 105041.00, 54.35361, -6.650793, 67.5, 0.76 
1609460282, 23.30232, 1022.838, 19.75, 37.625, 105041.00, 54.35361, -6.650793, 67.5, 0.76 
1609460286, 23.3202, 1022.845, 19.75, 37.625, 105048.00, 54.35361, -6.650788, 67.2, 0.94 
1609460290, 23.34406, 1022.838, 19.6875, 37.625, None, None, None, None, 99.99 
1609460293, 23.3637, 1022.9, 19.6875, 37.625, 105056.00, 54.35361, -6.650785, 68.0, 1.02 
1609460299, 23.3979, 1022.917, 19.625, 37.625, None, None, None, None, 99.99 
1609460303, 23.41981, 1022.908, 19.5, 37.625, 105105.00, 54.3536, -6.650792, 67.3, 0.73 
1609460306, 23.43789, 1022.861, 19.375, 37.625, None, None, None, None, 99.99 
1609460310, 23.45902, 1022.794, 19.25, 37.625, 105112.00, 54.3536, -6.650792, 67.3, 0.93 
1609460313, 23.47768, 1022.809, 19.25, 37.625, 105112.00, 54.3536, -6.650792, 67.3, 0.93 
1609460317, 23.49835, 1022.814, 19.375, 37.625, 105119.00, 54.35359, -6.650795, 65.7, 0.73 
1609460320, 23.51565, 1022.818, 19.3125, 37.625, 105119.00, 54.35359, -6.650795, 65.7, 0.73 
1609460324, 23.53704, 1022.868, 19.25, 37.625, 105126.00, 54.35359, -6.650795, 65.6, 0.93 
1609460329, 23.56292, 1022.833, 19.25, 37.6875, 105126.00, 54.35359, -6.650795, 65.6, 0.93 
1609460333, 23.58541, 1022.856, 19.3125, 37.6875, 105135.00, 54.35359, -6.650792, 65.8, 0.73 
1609460336, 23.60037, 1022.853, 19.375, 37.75, 105135.00, 54.35359, -6.650792, 65.8, 0.73 
1609460339, 23.61955, 1022.879, 19.3125, 37.75, 105142.00, 54.3536, -6.650788, 66.2, 0.91 
1609460343, 23.63606, 1022.838, 19.25, 37.75, None, None, None, None, 99.99 
1609460347, 23.65759, 1022.763, 19.25, 37.75, 105149.00, 54.3536, -6.650795, 68.7, 0.91 
1609460350, 23.67371, 1022.783, 19.25, 37.8125, 105149.00, 54.3536, -6.650795, 68.7, 0.91 
1609460354, 23.69484, 1022.737, 19.3125, 37.8125, 105156.00, 54.35359, -6.650798, 69.3, 0.76 
1609460359, 23.72456, 1022.773, 19.3125, 37.8125, 105156.00, 54.35359, -6.650798, 69.3, 0.76 
1609460363, 23.74504, 1022.739, 19.25, 37.875, 105205.00, 54.35359, -6.650805, 68.9, 0.87 
1609460366, 23.76415, 1022.807, 19.1875, 37.875, 105205.00, 54.35359, -6.650805, 68.9, 0.87 
1609460370, 23.7845, 1022.824, 19.0625, 37.875, 105212.00, 54.3536, -6.6508, 68.4, 0.73 
1609460373, 23.80557, 1022.797, 19.0625, 37.875, 105212.00, 54.3536, -6.6508, 68.4, 0.73 
1609460377, 23.82605, 1022.846, 19.0, 37.9375, 105219.00, 54.3536, -6.650788, 68.2, 0.73 
1609460380, 23.84211, 1022.863, 18.9375, 37.9375, 105219.00, 54.3536, -6.650788, 68.2, 0.73 
1609460384, 23.86181, 1022.819, 18.9375, 37.9375, 105226.00, 54.35359, -6.650788, 68.3, 0.83 
1609460389, 23.89016, 1022.797, 18.75, 38.0, None, None, None, None, 99.99 
1609460393, 23.90856, 1022.764, 18.5, 38.0, 105235.00, 54.3536, -6.65079, 68.6, 0.73 
1609460396, 23.92566, 1022.707, 18.375, 38.0, 105235.00, 54.3536, -6.65079, 68.6, 0.73 
1609460400, 23.94738, 1022.671, 18.3125, 38.0, 105242.00, 54.35359, -6.65079, 68.4, 0.73 
1609460403, 23.96662, 1022.673, 18.0, 38.0, 105242.00, 54.35359, -6.65079, 68.4, 0.73 
1609460407, 23.98307, 1022.692, 17.8125, 38.0625, 105249.00, 54.35359, -6.65079, 67.9, 0.73 
1609460410, 24.00212, 1022.706, 17.6875, 38.0625, None, None, None, None, 99.99 
1609460413, 24.02026, 1022.716, 17.5625, 38.0625, 105256.00, 54.3536, -6.650785, 67.8, 0.73 
1609460419, 24.04725, 1022.7, 17.5, 38.0625, None, None, None, None, 99.99 
1609460423, 24.06727, 1022.751, 17.5625, 38.0625, 105305.00, 54.3536, -6.650784, 67.2, 0.73 
1609460426, 24.08775, 1022.699, 17.5, 38.0625, 105305.00, 54.3536, -6.650784, 67.2, 0.73 
1609460429, 24.10531, 1022.705, 17.5, 38.0625, 105312.00, 54.3536, -6.650777, 67.6, 0.76 
1609460433, 24.12358, 1022.697, 17.5, 38.0625, None, None, None, None, 99.99 
1609460437, 24.14315, 1022.729, 17.5625, 38.125, 105319.00, 54.35361, -6.650775, 68.8, 0.73 
1609460440, 24.16194, 1022.68, 17.625, 38.125, None, None, None, None, 99.99 
1609460444, 24.18196, 1022.71, 17.625, 38.125, 105326.00, 54.35361, -6.650775, 67.9, 0.76 
1609460449, 24.20615, 1022.696, 17.5625, 38.125, 105326.00, 54.35361, -6.650775, 67.9, 0.76 
1609460452, 24.22637, 1022.689, 17.5625, 38.125, 105335.00, 54.35361, -6.65077, 67.3, 0.76 
1609460456, 24.24289, 1022.695, 17.5, 38.125, None, None, None, None, 99.99 
1609460459, 24.26357, 1022.725, 17.5, 38.125, 105342.00, 54.3536, -6.650767, 67.7, 0.73 
1609460463, 24.2793, 1022.732, 17.4375, 38.125, None, None, None, None, 99.99 
1609460466, 24.29666, 1022.746, 17.5625, 38.125, 105349.00, 54.3536, -6.650784, 66.0, 0.90 
1609460470, 24.31649, 1022.735, 17.75, 38.125, None, None, None, None, 99.99 
1609460473, 24.33235, 1022.719, 17.8125, 38.125, 105356.00, 54.3536, -6.650785, 65.7, 0.73 
1609460479, 24.36292, 1022.728, 18.1875, 38.125, None, None, None, None, 99.99 
1609460483, 24.37943, 1022.722, 18.3125, 38.1875, 105405.00, 54.35359, -6.650782, 66.6, 0.76 
1609460486, 24.40036, 1022.697, 18.5, 38.1875, 105405.00, 54.35359, -6.650782, 66.6, 0.76 
1609460490, 24.41825, 1022.746, 18.625, 38.1875, 105412.00, 54.35359, -6.650765, 66.4, 0.73 
1609460493, 24.43294, 1022.727, 18.625, 38.1875, None, None, None, None, 99.99 
1609460497, 24.45154, 1022.802, 18.5, 38.1875, 105419.00, 54.35361, -6.650678, 67.7, 0.73 
1609460500, 24.46903, 1022.819, 18.375, 38.25, 105419.00, 54.35361, -6.650678, 67.7, 0.73 
1609460503, 24.48717, 1022.745, 18.25, 38.25, 105426.00, 54.35362, -6.650697, 66.5, 0.76 
1609460509, 24.51629, 1022.799, 18.375, 38.25, None, None, None, None, 99.99 
1609460512, 24.53515, 1022.781, 18.3125, 38.25, 105435.00, 54.35362, -6.650698, 66.5, 0.76 
1609460516, 24.54945, 1022.773, 18.5, 38.25, None, None, None, None, 99.99 
1609460519, 24.56584, 1022.768, 18.625, 38.25, 105442.00, 54.35362, -6.650695, 66.1, 0.76 
1609460523, 24.58131, 1022.795, 18.4375, 38.3125, None, None, None, None, 99.99 
1609460526, 24.59919, 1022.792, 18.25, 38.3125, 105449.00, 54.35363, -6.650693, 65.7, 0.76 
1609460530, 24.61441, 1022.825, 18.0, 38.375, None, None, None, None, 99.99 
1609460533, 24.63307, 1022.79, 17.8125, 38.375, 105456.00, 54.35362, -6.650693, 66.2, 0.76 
1609460539, 24.65706, 1022.785, 17.5625, 38.375, None, None, None, None, 99.99 
1609460543, 24.67747, 1022.766, 17.875, 38.4375, 105505.00, 54.35362, -6.65069, 66.4, 0.76 
1609460546, 24.69243, 1022.771, 17.6875, 38.4375, None, None, None, None, 99.99 
1609460549, 24.70934, 1022.776, 17.375, 38.5, 105512.00, 54.35362, -6.650687, 66.5, 0.73 
1609460553, 24.72559, 1022.742, 17.0625, 38.5, None, None, None, None, 99.99 
1609460556, 24.74081, 1022.791, 16.8125, 38.5, 105519.00, 54.35362, -6.650683, 68.1, 0.73 
1609460560, 24.7553, 1022.82, 16.625, 38.5625, None, None, None, None, 99.99 
1609460563, 24.77253, 1022.83, 16.5, 38.5625, 105526.00, 54.35361, -6.650687, 68.2, 0.73 
1609460569, 24.79698, 1022.836, 16.375, 38.625, None, None, None, None, 99.99 
1609460572, 24.81226, 1022.822, 16.75, 38.6875, 105535.00, 54.35361, -6.650681, 67.6, 0.76 
1609460576, 24.82832, 1022.818, 16.8125, 38.6875, None, None, None, None, 99.99 
1609460580, 24.84418, 1022.837, 16.6875, 38.6875, 105542.00, 54.35361, -6.650693, 66.3, 0.76 
1609460583, 24.85972, 1022.846, 16.4375, 38.75, None, None, None, None, 99.99 
1609460587, 24.87422, 1022.804, 16.3125, 38.75, 105549.00, 54.35361, -6.650698, 66.3, 0.76 
1609460590, 24.89165, 1022.82, 16.25, 38.75, 105549.00, 54.35361, -6.650698, 66.3, 0.76 
1609460594, 24.90504, 1022.813, 16.5625, 38.8125, 105556.00, 54.35361, -6.650697, 65.9, 0.76 
1609460599, 24.92754, 1022.797, 16.4375, 38.8125, 105556.00, 54.35361, -6.650697, 65.9, 0.76 
1609460603, 24.9436, 1022.825, 16.5625, 38.8125, 105605.00, 54.35361, -6.65068, 65.6, 0.73 
1609460606, 24.96012, 1022.815, 16.625, 38.875, None, None, None, None, 99.99 
1609460610, 24.97552, 1022.786, 16.5, 38.875, 105612.00, 54.35361, -6.650683, 65.8, 0.73 
1609460613, 24.98586, 1022.77, 16.375, 38.875, None, None, None, None, 99.99 
1609460616, 25.00439, 1022.759, 16.3125, 38.875, 105619.00, 54.35361, -6.650681, 65.3, 0.73 
1609460620, 25.01818, 1022.781, 16.1875, 38.875, None, None, None, None, 99.99 
1609460623, 25.03124, 1022.759, 16.125, 38.875, 105626.00, 54.35361, -6.650683, 65.7, 0.72 
1609460629, 25.05693, 1022.792, 16.125, 38.875, None, None, None, None, 99.99 
1609460633, 25.07188, 1022.788, 16.0625, 38.875, 105635.00, 54.35361, -6.65068, 67.6, 0.72 
1609460636, 25.08593, 1022.771, 16.0, 38.875, 105639.00, 54.35361, -6.650685, 67.8, 0.72 
1609460640, 25.10329, 1022.817, 16.0, 38.875, 105639.00, 54.35361, -6.650685, 67.8, 0.72 
1609460644, 25.11584, 1022.808, 16.0, 38.9375, None, None, None, None, 99.99 
1609460647, 25.13111, 1022.796, 16.0, 38.9375, 105650.00, 54.35361, -6.650683, 67.1, 0.74 
1609460651, 25.14334, 1022.809, 16.0625, 38.9375, None, None, None, None, 99.99 
1609460655, 25.15907, 1022.786, 16.0625, 38.9375, 105657.00, 54.35361, -6.650681, 67.0, 0.74 
1609460660, 25.18046, 1022.77, 16.125, 39.0, None, None, None, None, 99.99 
1609460663, 25.19171, 1022.737, 16.125, 39.0, 105706.00, 54.35362, -6.650681, 67.2, 0.72 
1609460667, 25.20465, 1022.773, 16.125, 39.0, None, None, None, None, 99.99 
1609460671, 25.21974, 1022.808, 16.0625, 39.0, 105713.00, 54.35362, -6.650683, 67.5, 0.74 
1609460674, 25.23352, 1022.789, 16.0, 39.0, None, None, None, None, 99.99 
1609460678, 25.24763, 1022.743, 16.5, 39.0, 105720.00, 54.35362, -6.65068, 67.4, 0.74 
1609460681, 25.26063, 1022.773, 16.625, 39.0, 105720.00, 54.35362, -6.65068, 67.4, 0.74 
1609460685, 25.27565, 1022.803, 17.5625, 39.0, 105720.00, 54.35362, -6.65068, 67.4, 0.74 
1609460691, 25.29503, 1022.807, 18.0, 39.0625, 105731.00, 54.35361, -6.650677, 67.4, 0.72 
1609460694, 25.30855, 1022.8, 17.4375, 39.0625, 105731.00, 54.35361, -6.650677, 67.4, 0.72 
1609460698, 25.3213, 1022.799, 17.25, 39.125, None, None, None, None, 99.99 
1609460701, 25.33684, 1022.809, 17.125, 39.125, 105744.00, 54.35361, -6.650678, 67.7, 0.72 
1609460705, 25.3475, 1022.804, 16.9375, 39.125, None, None, None, None, 99.99 
1609460708, 25.36135, 1022.778, 16.8125, 39.1875, 105751.00, 54.35361, -6.650678, 67.5, 0.72 
1609460712, 25.37338, 1022.777, 16.5625, 39.1875, None, None, None, None, 99.99 
1609460715, 25.3856, 1022.781, 16.4375, 39.1875, 105758.00, 54.35361, -6.65068, 67.4, 0.72 
1609460721, 25.40485, 1022.795, 16.25, 39.1875, None, None, None, None, 99.99 
1609460725, 25.41876, 1022.79, 16.0625, 39.25, None, None, None, None, 99.99 
1609460728, 25.43449, 1022.805, 16.0, 39.25, 105811.00, 54.35361, -6.650688, 67.7, 0.74 
1609460732, 25.4421, 1022.768, 15.9375, 39.25, None, None, None, None, 99.99 
1609460735, 25.45725, 1022.785, 15.875, 39.25, 105818.00, 54.35361, -6.65069, 68.1, 0.74 
1609460739, 25.46896, 1022.761, 15.8125, 39.25, None, None, None, None, 99.99 
1609460743, 25.48384, 1022.82, 15.6875, 39.25, 105825.00, 54.35361, -6.650692, 68.2, 0.72 
1609460746, 25.49483, 1022.796, 15.5625, 39.25, 105829.00, 54.35361, -6.650692, 169, 0.7 
1609460752, 25.51141, 1022.767, 15.5, 39.25, 105829.00, 54.35361, -6.650692, 169, 0.7 
1609460756, 25.52559, 1022.792, 15.3125, 39.3125, 105838.00, 54.35361, -6.650683, 67.7, 0.72 
1609460759, 25.5354, 1022.823, 15.3125, 39.3125, None, None, None, None, 99.99 
1609460763, 25.55016, 1022.804, 15.25, 39.375, 105845.00, 54.35361, -6.65068, 67.4, 0.72 
1609460767, 25.56017, 1022.811, 15.1875, 39.375, 105845.00, 54.35361, -6.65068, 67.4, 0.72 
1609460770, 25.57487, 1022.782, 15.1875, 39.375, 105853.00, 54.35361, -6.650678, 67.2, 0.72 
1609460774, 25.5856, 1022.768, 15.1875, 39.4375, 105853.00, 54.35361, -6.650678, 67.2, 0.72 
1609460778, 25.6001, 1022.78, 15.125, 39.375, 105900.00, 54.35361, -6.650681, 66.9, 0.72 
1609460783, 25.61707, 1022.783, 15.125, 39.4375, 105900.00, 54.35361, -6.650681, 66.9, 0.72 
1609460787, 25.62851, 1022.807, 15.0625, 39.4375, None, None, None, None, 99.99 
1609460791, 25.64138, 1022.785, 15.0625, 39.4375, 105913.00, 54.35361, -6.65069, 66.9, 0.72 
1609460794, 25.65081, 1022.793, 14.9375, 39.5, 105913.00, 54.35361, -6.65069, 66.9, 0.72 
1609460797, 25.66128, 1022.781, 14.9375, 39.5, 105920.00, 54.35361, -6.650692, 67.1, 0.78 
1609460801, 25.67038, 1022.768, 14.875, 39.5, None, None, None, None, 99.99 
1609460804, 25.68365, 1022.772, 14.8125, 39.5625, 105927.00, 54.35361, -6.650693, 67.2, 0.78 
1609460808, 25.69145, 1022.795, 14.8125, 39.5625, None, None, None, None, 99.99 
1609460814, 25.71174, 1022.763, 14.8125, 39.5625, 105934.00, 54.35361, -6.650692, 67.2, 0.73 
1609460817, 25.72305, 1022.759, 14.8125, 39.625, None, None, None, None, 99.99 
1609460821, 25.73209, 1022.758, 14.8125, 39.625, 105944.00, 54.35361, -6.65069, 67.2, 0.77 
1609460824, 25.74236, 1022.779, 14.8125, 39.625, 105947.00, 54.35361, -6.65069, 67.1, 0.77 
1609460827, 25.74925, 1022.744, 14.8125, 39.625, None, None, None, None, 99.99 
1609460831, 25.76031, 1022.774, 14.8125, 39.625, 105954.00, 54.35361, -6.650688, 67.2, 0.77 
1609460834, 25.77201, 1022.743, 14.75, 39.625, 105957.00, 54.35361, -6.65069, 67.3, 0.77 
1609460838, 25.7828, 1022.735, 14.8125, 39.625, None, None, None, None, 99.99 
1609460844, 25.79802, 1022.697, 14.8125, 39.625, 110004.00, 54.35361, -6.650693, 67.3, 0.77 
1609460847, 25.80887, 1022.727, 14.8125, 39.6875, 110013.00, 54.35361, -6.650692, 67.7, 0.74 
1609460851, 25.81824, 1022.721, 14.75, 39.6875, None, None, None, None, 99.99 
1609460854, 25.82948, 1022.729, 14.6875, 39.6875, 110017.00, 54.35361, -6.650692, 67.5, 0.73 
1609460858, 25.83924, 1022.708, 14.6875, 39.75, None, None, None, None, 99.99 
1609460861, 25.84918, 1022.747, 14.6875, 39.75, 110024.00, 54.35361, -6.65069, 67.5, 0.79 
1609460865, 25.85673, 1022.758, 14.625, 39.75, None, None, None, None, 99.99 
1609460869, 25.86654, 1022.761, 14.625, 39.75, 110031.00, 54.35361, -6.650685, 68.1, 0.88 
1609460875, 25.87766, 1022.755, 14.625, 39.75, None, None, None, None, 99.99 
1609460878, 25.88833, 1022.777, 14.5625, 39.8125, 110041.00, 54.35361, -6.650681, 67.9, 0.73 
1609460881, 25.90036, 1022.791, 14.5, 39.8125, 110044.00, 54.35361, -6.65068, 67.7, 0.73 
1609460885, 25.90595, 1022.787, 14.5, 39.8125, None, None, None, None, 99.99 
1609460888, 25.91563, 1022.747, 14.5, 39.8125, 110051.00, 54.35361, -6.650683, 67.3, 0.76 
1609460892, 25.92389, 1022.77, 14.625, 39.8125, None, None, None, None, 99.99 
1609460895, 25.9343, 1022.792, 14.6875, 39.875, 110058.00, 54.35361, -6.650685, 67.0, 0.81 
1609460899, 25.93995, 1022.762, 14.8125, 39.8125, None, None, None, None, 99.99 
1609460905, 25.95556, 1022.775, 14.875, 39.8125, 110105.00, 54.35362, -6.650692, 66.9, 0.81 
1609460909, 25.96395, 1022.778, 15.0625, 39.8125, None, None, None, None, 99.99 
1609460912, 25.97389, 1022.815, 15.1875, 39.875, 110115.00, 54.35362, -6.650692, 66.6, 0.78 
1609460915, 25.97955, 1022.794, 15.25, 39.875, 110118.00, 54.35361, -6.65069, 66.4, 0.78 
1609460919, 25.9895, 1022.802, 15.3125, 39.875, None, None, None, None, 99.99 
1609460923, 25.99678, 1022.733, 15.4375, 39.875, 110125.00, 54.35361, -6.65069, 66.4, 0.76 
1609460926, 26.00452, 1022.736, 15.5, 39.875, None, None, None, None, 99.99 
1609460929, 26.01414, 1022.722, 15.5625, 39.9375, 110132.00, 54.35361, -6.650685, 67.0, 0.74 
1609460935, 26.02994, 1022.763, 15.6875, 39.9375, None, None, None, None, 99.99 
1609460939, 26.03572, 1022.745, 15.75, 39.9375, None, None, None, None, 99.99 
1609460943, 26.04411, 1022.715, 15.875, 39.9375, 110145.00, 54.35361, -6.650683, 67.8, 0.79 
1609460946, 26.05334, 1022.75, 16.0, 40.0, 110145.00, 54.35361, -6.650683, 67.8, 0.79 
1609460950, 26.06147, 1022.744, 16.125, 40.0, 110152.00, 54.35361, -6.650681, 68.0, 0.78 
1609460953, 26.06791, 1022.717, 16.25, 40.0, None, None, None, None, 99.99 
1609460957, 26.0787, 1022.758, 16.3125, 40.0, 110159.00, 54.35361, -6.650678, 68.4, 0.73 
1609460960, 26.08624, 1022.728, 16.4375, 40.0, None, None, None, None, 99.99 
1609460966, 26.10036, 1022.726, 16.5625, 40.0625, 110206.00, 54.35361, -6.650671, 68.3, 0.87 
1609460969, 26.10803, 1022.715, 16.5, 40.0625, 110212.00, 54.35361, -6.650671, 68.0, 0.85 
1609460973, 26.11524, 1022.724, 16.5, 40.125, 110212.00, 54.35361, -6.650671, 68.0, 0.85 
1609460977, 26.1261, 1022.736, 16.5625, 40.125, 110219.00, 54.35361, -6.650673, 67.6, 0.77 
1609460980, 26.13358, 1022.771, 16.625, 40.125, 110219.00, 54.35361, -6.650673, 67.6, 0.77 
1609460984, 26.14223, 1022.758, 16.5625, 40.125, 110226.00, 54.35361, -6.650677, 67.2, 0.73 
1609460987, 26.15087, 1022.753, 16.4375, 40.125, 110226.00, 54.35361, -6.650677, 67.2, 0.73 
1609460990, 26.15842, 1022.744, 16.3125, 40.1875, 110233.00, 54.35361, -6.65068, 67.0, 0.73 
1609460996, 26.17181, 1022.723, 16.25, 40.1875, None, None, None, None, 99.99 
1609461000, 26.17753, 1022.706, 16.1875, 40.1875, None, None, None, None, 99.99 
1609461003, 26.18716, 1022.699, 16.1875, 40.1875, 110246.00, 54.35361, -6.650687, 66.5, 0.73 
1609461007, 26.19762, 1022.716, 16.1875, 40.25, None, None, None, None, 99.99 
1609461010, 26.20452, 1022.683, 16.1875, 40.25, 110253.00, 54.35362, -6.65069, 66.1, 0.73 
1609461014, 26.21089, 1022.709, 16.25, 40.25, None, None, None, None, 99.99 
1609461017, 26.22207, 1022.738, 16.25, 40.25, 110300.00, 54.35362, -6.650688, 66.0, 0.73 
1609461021, 26.22948, 1022.745, 16.3125, 40.25, None, None, None, None, 99.99 
1609461027, 26.24145, 1022.668, 16.3125, 40.3125, 110307.00, 54.35362, -6.650688, 66.2, 0.74 
1609461030, 26.24951, 1022.717, 16.25, 40.3125, 110313.00, 54.35361, -6.650685, 66.8, 0.73 
1609461034, 26.25751, 1022.709, 16.25, 40.3125, None, None, None, None, 99.99 
1609461037, 26.26654, 1022.663, 16.1875, 40.3125, 110320.00, 54.35361, -6.650683, 67.1, 0.73 
1609461041, 26.27298, 1022.661, 16.125, 40.3125, None, None, None, None, 99.99 
1609461044, 26.28299, 1022.689, 16.125, 40.375, 110327.00, 54.35361, -6.650683, 67.5, 0.78 
1609461048, 26.2893, 1022.683, 16.125, 40.375, None, None, None, None, 99.99 
1609461051, 26.29873, 1022.71, 16.125, 40.375, 110334.00, 54.35361, -6.650683, 68.3, 0.73 
1609461057, 26.31154, 1022.727, 16.0, 40.4375, None, None, None, None, 99.99 
1609461061, 26.32129, 1022.723, 15.9375, 40.4375, None, None, None, None, 99.99 
1609461064, 26.32773, 1022.72, 15.875, 40.4375, 110347.00, 54.3536, -6.65068, 69.2, 0.74 
1609461068, 26.33709, 1022.702, 15.8125, 40.4375, None, None, None, None, 99.99 
1609461071, 26.34554, 1022.721, 15.8125, 40.4375, 110354.00, 54.3536, -6.650678, 69.0, 0.73 
1609461075, 26.35686, 1022.706, 15.8125, 40.5, None, None, None, None, 99.99 
1609461079, 26.3618, 1022.669, 15.875, 40.5, None, None, None, None, 99.99 
1609461083, 26.37285, 1022.723, 15.875, 40.5, 110405.00, 54.3536, -6.650677, 68.7, 0.73 
1609461088, 26.38689, 1022.687, 15.8125, 40.5, None, None, None, None, 99.99 
1609461092, 26.3958, 1022.687, 15.8125, 40.5, 110415.00, 54.3536, -6.650683, 68.2, 0.73 
1609461095, 26.40185, 1022.655, 15.8125, 40.5625, 110418.00, 54.3536, -6.650681, 68.2, 0.73 
1609461098, 26.41089, 1022.682, 15.875, 40.5625, None, None, None, None, 99.99 
1609461102, 26.4207, 1022.653, 15.875, 40.5625, 110425.00, 54.3536, -6.650683, 68.3, 0.73 
1609461105, 26.42916, 1022.662, 15.9375, 40.625, 110428.00, 54.3536, -6.650683, 68.3, 0.83 
1609461109, 26.4365, 1022.677, 15.875, 40.625, None, None, None, None, 99.99 
1609461112, 26.44535, 1022.666, 15.9375, 40.625, 110435.00, 54.35361, -6.650683, 68.4, 0.73 
1609461118, 26.45887, 1022.681, 15.875, 40.625, 110438.00, 54.35361, -6.650683, 68.4, 0.74 
1609461121, 26.46589, 1022.669, 15.9375, 40.625, 110444.00, 54.35361, -6.650683, 68.6, 0.84 
1609461125, 26.47818, 1022.681, 15.9375, 40.6875, None, None, None, None, 99.99 
1609461129, 26.4852, 1022.684, 16.0, 40.6875, 110451.00, 54.35361, -6.650685, 69.0, 0.73 
1609461132, 26.49554, 1022.685, 16.0, 40.75, None, None, None, None, 99.99 
1609461136, 26.50328, 1022.701, 16.0, 40.75, 110458.00, 54.35361, -6.650687, 69.1, 0.73 
1609461139, 26.51219, 1022.687, 15.9375, 40.75, 110458.00, 54.35361, -6.650687, 69.1, 0.73 
1609461143, 26.5235, 1022.683, 16.0, 40.75, 110505.00, 54.35361, -6.650688, 68.9, 0.76 
1609461149, 26.53436, 1022.699, 16.0625, 40.75, 110505.00, 54.35361, -6.650688, 68.9, 0.76 
1609461152, 26.54522, 1022.711, 16.0625, 40.8125, 110515.00, 54.35361, -6.650687, 67.8, 0.74 
1609461155, 26.55367, 1022.714, 16.0625, 40.8125, 110518.00, 54.35361, -6.650687, 67.8, 0.73 
1609461159, 26.56375, 1022.682, 15.9375, 40.8125, None, None, None, None, 99.99 
1609461163, 26.57168, 1022.684, 15.9375, 40.875, None, None, None, None, 99.99 
1609461166, 26.58098, 1022.685, 15.875, 40.875, 110529.00, 54.35361, -6.65069, 68.7, 0.74 
1609461169, 26.59177, 1022.687, 15.875, 40.875, 110532.00, 54.35361, -6.650688, 69.0, 0.73 
1609461173, 26.59918, 1022.653, 15.875, 40.875, None, None, None, None, 99.99 
1609461179, 26.61485, 1022.747, 15.8125, 40.875, 110539.00, 54.35361, -6.65069, 68.4, 0.74 
1609461182, 26.62428, 1022.718, 15.75, 40.875, None, None, None, None, 99.99 
1609461186, 26.63046, 1022.71, 15.6875, 40.875, None, None, None, None, 99.99 
1609461190, 26.64294, 1022.711, 15.5625, 40.875, 110552.00, 54.35362, -6.650687, 67.1, 0.73 
1609461193, 26.64925, 1022.694, 15.5, 40.875, 110552.00, 54.35362, -6.650687, 67.1, 0.73 
1609461196, 26.66121, 1022.663, 15.5, 40.875, 110559.00, 54.35362, -6.650687, 66.9, 0.73 
1609461200, 26.66882, 1022.632, 15.4375, 40.875, None, None, None, None, 99.99 
1609461204, 26.67837, 1022.568, 15.4375, 40.875, 110606.00, 54.35361, -6.650685, 66.8, 0.73 
1609461209, 26.69385, 1022.6, 15.3125, 40.875, None, None, None, None, 99.99 
1609461213, 26.70289, 1022.628, 15.125, 40.8125, 110616.00, 54.35361, -6.65068, 67.2, 0.73 
1609461216, 26.71206, 1022.65, 15.0, 40.875, 110619.00, 54.35361, -6.650678, 67.7, 0.73 
1609461220, 26.71791, 1022.625, 15.0, 40.875, None, None, None, None, 99.99 
1609461224, 26.73, 1022.602, 14.9375, 40.875, 110626.00, 54.35361, -6.650683, 68.2, 0.73 
1609461227, 26.73709, 1022.608, 15.0, 40.875, 110626.00, 54.35361, -6.650683, 68.2, 0.73 
1609461231, 26.74983, 1022.617, 15.0625, 40.875, 110633.00, 54.35361, -6.650685, 67.9, 0.73 
1609461234, 26.75744, 1022.624, 15.125, 40.9375, None, None, None, None, 99.99 
1609461241, 26.77551, 1020.008, 15.1875, 40.9375, 110640.00, 54.35361, -6.650685, 68.7, 0.73 
1609461244, 26.77837, 1017.664, 15.125, 41.0, None, None, None, None, 99.99 
1609461248, 26.78696, 1014.077, 15.0625, 41.0, 110650.00, 54.35357, -6.65108, 117.1, 0.73 
1609461251, 26.79404, 1011.554, 14.8125, 41.0, None, None, None, None, 99.99 
1609461255, 26.80373, 1008.314, 14.5, 41.0, None, None, None, None, 99.99 
1609461259, 26.81121, 1005.261, 14.25, 41.0, None, None, None, None, 99.99 
1609461262, 26.81804, 1001.757, 14.125, 41.0625, 110705.00, 54.35348, -6.652305, 223.9, 0.73 
1609461266, 26.82434, 999.1824, 13.8125, 41.0625, None, None, None, None, 99.99 
1609461272, 26.83585, 994.8412, 13.5625, 41.0625, 110712.00, 54.35361, -6.653049, 269.2, 0.73 
1609461275, 26.84378, 992.3028, 13.125, 41.0625, None, None, None, None, 99.99 
1609461279, 26.84964, 989.5139, 13.0, 41.125, 110722.00, 54.35396, -6.653625, 329.9, 0.73 
1609461282, 26.85367, 986.5052, 12.8125, 41.125, 110725.00, 54.35402, -6.653753, 350.5, 0.73 
1609461286, 26.86271, 983.6676, 12.5625, 41.1875, None, None, None, None, 99.99 
1609461289, 26.86771, 980.3864, 12.3125, 41.1875, 110732.00, 54.35431, -6.654352, 401.3, 0.73 
1609461293, 26.87441, 978.218, 12.0625, 41.25, None, None, None, None, 99.99 
1609461296, 26.88208, 976.1569, 11.75, 41.25, 110739.00, 54.35455, -6.654972, 442.4, 0.73 
1609461302, 26.89034, 972.2333, 11.5, 41.3125, None, None, None, None, 99.99 
1609461306, 26.89502, 969.4603, 11.25, 41.375, 110749.00, 54.35475, -6.655712, 496.8, 0.73 
1609461309, 26.89996, 966.9004, 11.1875, 41.375, 110752.00, 54.35483, -6.656013, 518.2, 0.73 
1609461313, 26.9051, 964.0589, 11.0625, 41.4375, None, None, None, None, 99.99 
1609461317, 26.90997, 961.0541, 10.8125, 41.5, 110759.00, 54.35492, -6.656607, 564.2, 0.73 
1609461320, 26.91504, 958.387, 10.5625, 41.5, None, None, None, None, 99.99 
1609461324, 26.92116, 956.2017, 10.3125, 41.5625, 110806.00, 54.35516, -6.65722, 609.3, 0.73 
1609461327, 26.92649, 953.6819, 10.1875, 41.5625, None, None, None, None, 99.99 
1609461333, 26.93488, 948.7978, 10.0625, 41.625, 110813.00, 54.35555, -6.657883, 653.9, 0.73 
1609461336, 26.9365, 946.1442, 9.8125, 41.6875, None, None, None, None, 99.99 
1609461340, 26.94333, 943.8751, 9.6875, 41.75, 110823.00, 54.35613, -6.658905, 720.7, 0.73 
1609461343, 26.94638, 941.4559, 9.5625, 41.75, 110826.00, 54.35639, -6.659117, 736.5, 0.73 
1609461347, 26.94983, 938.7507, 9.5625, 41.8125, None, None, None, None, 99.99 
1609461350, 26.95269, 936.3262, 9.5625, 41.875, 110833.00, 54.3568, -6.659827, 783.5, 0.73 
1609461353, 26.95523, 933.8363, 9.5, 41.9375, 110836.00, 54.35697, -6.66003, 803.5, 0.73 
1609461357, 26.95932, 931.4047, 9.375, 41.9375, None, None, None, None, 99.99 
1609461363, 26.96485, 926.7703, 9.25, 42.0, 110843.00, 54.35757, -6.660835, 847.9, 0.73 
1609461367, 26.96907, 924.2071, 9.125, 42.0625, None, None, None, None, 99.99 
1609461370, 26.97194, 921.5046, 9.0625, 42.125, 110853.00, 54.35834, -6.66187, 912.1, 0.73 
1609461374, 26.97447, 919.1546, 9.0625, 42.125, None, None, None, None, 99.99 
1609461377, 26.97675, 916.4401, 9.0625, 42.1875, 110900.00, 54.35877, -6.662615, 957.6, 0.73 
1609461381, 26.98026, 914.0162, 9.0, 42.25, None, None, None, None, 99.99 
1609461384, 26.9839, 911.6907, 9.0, 42.25, 110907.00, 54.35926, -6.66355, 1003.5, 0.73 
1609461387, 26.98579, 909.5074, 8.9375, 42.3125, 110910.00, 54.35947, -6.663835, 1022.2, 0.73 
1609461393, 26.98975, 905.5885, 8.8125, 42.375, None, None, None, None, 99.99 
1609461397, 26.99073, 903.0193, 8.625, 42.4375, None, None, None, None, 99.99 
1609461401, 26.99372, 900.8909, 8.625, 42.5, 110923.00, 54.36037, -6.665502, 1101.0, 0.73 
1609461404, 26.99619, 898.765, 8.5, 42.5, None, None, None, None, 99.99 
1609461408, 26.99859, 896.4189, 8.4375, 42.5625, 110930.00, 54.36068, -6.666375, 1140.7, 0.73 
1609461411, 27.00126, 894.5945, 8.3125, 42.625, None, None, None, None, 99.99 
1609461415, 27.00509, 892.0695, 8.25, 42.6875, 110937.00, 54.36122, -6.667294, 1179.1, 0.73 
1609461418, 27.00542, 890.1602, 8.125, 42.6875, None, None, None, None, 99.99 
1609461424, 27.00588, 885.6721, 8.0625, 42.75, 110944.00, 54.3615, -6.668207, 1218.4, 0.73 
1609461428, 27.00848, 883.45, 7.75, 42.8125, None, None, None, None, 99.99 
1609461431, 27.00731, 881.4487, 7.6875, 42.875, 110954.00, 54.36228, -6.669407, 1281.8, 0.73 
1609461434, 27.01082, 879.4043, 7.8125, 42.9375, 110957.00, 54.36265, -6.669655, 1299.5, 0.73 
1609461438, 27.01036, 877.7556, 7.875, 42.9375, None, None, None, None, 99.99 
1609461441, 27.01251, 875.5661, 8.125, 42.9375, 111004.00, 54.36319, -6.670205, 1333.9, 0.73 
1609461445, 27.01199, 873.4725, 8.375, 43.0, None, None, None, None, 99.99 
1609461449, 27.01348, 871.1933, 8.5, 43.0625, 111011.00, 54.36384, -6.670633, 1374.8, 0.73 
1609461454, 27.01361, 868.2487, 8.6875, 43.125, None, None, None, None, 99.99 
1609461458, 27.01446, 866.0162, 8.8125, 43.1875, 111021.00, 54.36486, -6.671422, 1426.1, 0.73 
1609461461, 27.01309, 864.0987, 8.8125, 43.1875, 111024.00, 54.36515, -6.671827, 1443.9, 0.73 
1609461465, 27.01166, 862.4216, 8.875, 43.25, None, None, None, None, 99.99 
1609461468, 27.01205, 860.134, 8.875, 43.25, 111031.00, 54.36577, -6.67268, 1479.2, 0.73 
1609461472, 27.01166, 858.1342, 8.9375, 43.3125, None, None, None, None, 99.99 
1609461476, 27.01095, 856.0797, 8.9375, 43.375, 111038.00, 54.36639, -6.673602, 1517.1, 0.73 
1609461479, 27.01212, 854.1322, 8.875, 43.375, None, None, None, None, 99.99 
1609461485, 27.01095, 850.2222, 8.8125, 43.4375, 111045.00, 54.36705, -6.674408, 1559.6, 0.73 
1609461489, 27.01205, 848.1788, 8.625, 43.5, None, None, None, None, 99.99 
1609461492, 27.00991, 845.8007, 8.5625, 43.5, 111055.00, 54.36807, -6.675157, 1617.8, 0.73 
1609461496, 27.00939, 844.0426, 8.5, 43.5625, None, None, None, None, 99.99 
1609461500, 27.00822, 841.8222, 8.5, 43.625, 111102.00, 54.36896, -6.675637, 1654.7, 0.73 
1609461503, 27.00646, 839.9341, 8.375, 43.625, None, None, None, None, 99.99 
1609461506, 27.00711, 838.1609, 8.3125, 43.6875, 111109.00, 54.36966, -6.675941, 1694.2, 0.73 
1609461510, 27.00588, 836.2231, 8.375, 43.6875, None, None, None, None, 99.99 
1609461516, 27.00171, 832.6821, 8.375, 43.75, 111116.00, 54.37047, -6.676482, 1731.2, 0.73 
1609461519, 27.00139, 831.0002, 8.1875, 43.8125, 111122.00, 54.37105, -6.676957, 1763.9, 0.73 
1609461523, 26.99859, 829.0289, 8.125, 43.8125, 111122.00, 54.37105, -6.676957, 1763.9, 0.73 
1609461526, 26.99606, 826.7288, 8.0, 43.875, 111129.00, 54.37189, -6.677269, 1801.0, 0.73 
1609461530, 26.99521, 824.623, 7.875, 43.875, None, None, None, None, 99.99 
1609461533, 26.99352, 822.5454, 7.8125, 43.9375, 111136.00, 54.3727, -6.677486, 1843.3, 0.73 
1609461537, 26.99151, 820.5831, 7.75, 43.9375, None, None, None, None, 99.99 
1609461540, 26.98923, 818.3365, 7.6875, 44.0, 111143.00, 54.37344, -6.677605, 1884.4, 0.73 
1609461546, 26.98357, 814.6843, 7.625, 44.0, None, None, None, None, 99.99 
1609461550, 26.98351, 812.5079, 7.5625, 44.0625, 111153.00, 54.37449, -6.677883, 1947.3, 0.73 
1609461553, 26.9813, 810.338, 7.5, 44.125, 111156.00, 54.37487, -6.677834, 1966.2, 0.73 
1609461557, 26.98162, 808.2549, 7.5, 44.125, None, None, None, None, 99.99 
1609461560, 26.97889, 806.442, 7.375, 44.125, 111203.00, 54.37548, -6.678053, 2008.1, 0.73 
1609461563, 26.97746, 804.2106, 7.375, 44.1875, 111206.00, 54.37581, -6.678144, 2027.3, 0.73 
1609461567, 26.97382, 802.4432, 7.3125, 44.1875, None, None, None, None, 99.99 
1609461570, 26.97239, 800.5288, 7.25, 44.25, 111213.00, 54.37634, -6.678371, 2067.3, 0.73 
1609461576, 26.96706, 797.0303, 7.25, 44.25, 111216.00, 54.37668, -6.678362, 2084.9, 0.73 
1609461579, 26.96309, 794.9475, 7.1875, 44.3125, 111222.00, 54.37735, -6.678532, 2121.4, 0.73 
1609461583, 26.96309, 793.0691, 7.1875, 44.375, None, None, None, None, 99.99 
1609461587, 26.95913, 790.5192, 7.25, 44.375, 111229.00, 54.37799, -6.678377, 2165.4, 0.73 
1609461590, 26.95601, 788.42, 7.25, 44.375, None, None, None, None, 99.99 
1609461594, 26.9536, 786.1322, 7.1875, 44.4375, 111236.00, 54.37841, -6.678415, 2210.3, 0.73 
1609461597, 26.94983, 783.9377, 7.125, 44.4375, None, None, None, None, 99.99 
1609461601, 26.94599, 781.7626, 7.0, 44.5, 111243.00, 54.37886, -6.678448, 2256.9, 0.73 
1609461607, 26.93865, 777.6389, 7.0625, 44.5, None, None, None, None, 99.99 
1609461611, 26.93624, 775.1639, 6.9375, 44.5625, 111253.00, 54.37937, -6.678773, 2324.6, 0.73 
1609461614, 26.93253, 773.0044, 6.8125, 44.625, None, None, None, None, 99.99 
1609461618, 26.9272, 770.702, 6.8125, 44.625, 111300.00, 54.37969, -6.678854, 2371.7, 0.73 
1609461621, 26.92649, 768.7805, 6.75, 44.625, 111300.00, 54.37969, -6.678854, 2371.7, 0.73 
1609461625, 26.92402, 766.3479, 6.625, 44.6875, None, None, None, None, 99.99 
1609461629, 26.91895, 764.1326, 6.375, 44.6875, None, None, None, None, 99.99 
1609461633, 26.91693, 761.5562, 6.25, 44.75, 111315.00, 54.38043, -6.679522, 2465.7, 0.73 
1609461638, 26.90913, 757.7885, 6.125, 44.75, None, None, None, None, 99.99 
1609461642, 26.90367, 755.7353, 6.0, 44.75, 111325.00, 54.38082, -6.680548, 2534.0, 0.73 
1609461645, 26.89671, 753.4573, 5.8125, 44.8125, 111328.00, 54.3809, -6.681002, 2554.4, 0.73 
1609461649, 26.89736, 751.3811, 5.6875, 44.8125, None, None, None, None, 99.99 
1609461652, 26.8932, 748.9686, 5.5625, 44.875, 111335.00, 54.38124, -6.681495, 2599.8, 0.73 
1609461656, 26.88761, 746.951, 5.5, 44.875, None, None, None, None, 99.99 
1609461659, 26.88514, 744.6666, 5.375, 44.875, 111342.00, 54.38171, -6.682163, 2647.4, 0.73 
1609461663, 26.87993, 743.0021, 5.25, 44.875, None, None, None, None, 99.99 
1609461669, 26.87226, 738.967, 5.125, 44.9375, 111349.00, 54.38211, -6.682738, 2693.0, 0.73 
1609461673, 26.87129, 736.8374, 5.0, 44.9375, None, None, None, None, 99.99 
1609461677, 26.86511, 734.45, 4.875, 45.0, 111359.00, 54.38259, -6.684037, 2760.5, 0.73 
1609461680, 26.8603, 732.8209, 4.8125, 45.0, None, None, None, None, 99.99 
1609461684, 26.85685, 730.7024, 4.75, 45.0625, 111406.00, 54.38286, -6.684317, 2799.5, 0.73 
1609461687, 26.85282, 728.4703, 4.75, 45.0625, None, None, None, None, 99.99 
1609461691, 26.84678, 726.1876, 4.6875, 45.0625, 111413.00, 54.38319, -6.684793, 2849.5, 0.73 
1609461694, 26.84216, 724.0188, 4.5625, 45.125, None, None, None, None, 99.99 
1609461700, 26.83507, 720.6379, 4.5, 45.125, 111420.00, 54.38345, -6.685258, 2895.3, 0.73 
1609461704, 26.83247, 718.5968, 4.3125, 45.125, None, None, None, None, 99.99 
1609461707, 26.82922, 716.8049, 4.1875, 45.1875, 111430.00, 54.38385, -6.68612, 2958.3, 0.73 
1609461710, 26.82311, 714.5094, 4.0625, 45.1875, 111433.00, 54.38398, -6.686268, 2979.2, 0.73 
1609461714, 26.82012, 712.6765, 3.875, 45.1875, None, None, None, None, 99.99 
1609461717, 26.81446, 710.6492, 3.6875, 45.25, 111440.00, 54.384, -6.686645, 3026.7, 0.73 
1609461720, 26.80965, 708.8641, 3.5625, 45.25, 111443.00, 54.38411, -6.686907, 3046.1, 0.73 
1609461724, 26.80705, 706.9002, 3.4375, 45.25, None, None, None, None, 99.99 
1609461730, 26.79873, 703.1347, 3.3125, 45.25, 111450.00, 54.38449, -6.687522, 3089.6, 0.73 
1609461734, 26.7917, 701.051, 3.0625, 45.3125, None, None, None, None, 99.99 
1609461738, 26.78832, 698.8328, 2.9375, 45.3125, 111500.00, 54.3848, -6.68801, 3158.6, 0.73 
1609461741, 26.78436, 696.9589, 2.75, 45.3125, None, None, None, None, 99.99 
1609461744, 26.77851, 694.8552, 2.5625, 45.375, 111507.00, 54.38493, -6.688442, 3202.7, 0.73 
1609461748, 26.77337, 693.0861, 2.4375, 45.375, None, None, None, None, 99.99 
1609461751, 26.76914, 691.1671, 2.3125, 45.375, 111514.00, 54.38506, -6.689094, 3245.8, 0.73 
1609461755, 26.76414, 689.1184, 2.125, 45.4375, None, None, None, None, 99.99 
1609461762, 26.75406, 684.4494, 2.0, 45.4375, 111521.00, 54.3853, -6.689417, 3292.5, 0.73 
1609461766, 26.75048, 682.6357, 1.6875, 45.4375, None, None, None, None, 99.99 
1609461770, 26.74496, 680.5215, 1.5625, 45.4375, 111532.00, 54.38585, -6.689885, 3366.5, 0.73 
1609461773, 26.74151, 678.3869, 1.4375, 45.5, None, None, None, None, 99.99 
1609461777, 26.73254, 675.7654, 1.375, 45.5, 111539.00, 54.38605, -6.690403, 3419.1, 0.73 
1609461780, 26.73195, 673.5273, 1.3125, 45.5, None, None, None, None, 99.99 
1609461784, 26.72623, 671.413, 1.1875, 45.5, 111546.00, 54.38629, -6.690645, 3472.3, 0.73 
1609461787, 26.7209, 669.4291, 1.0, 45.5, None, None, None, None, 99.99 
1609461794, 26.71011, 664.9412, 0.875, 45.5, 111553.00, 54.38658, -6.69123, 3521.2, 0.73 
1609461798, 26.70614, 663.0212, 0.5, 45.5625, None, None, None, None, 99.99 
1609461801, 26.70022, 661.0254, 0.3125, 45.5625, 111604.00, 54.38699, -6.691645, 3600.0, 0.73 
1609461804, 26.6971, 658.8557, 0.125, 45.5625, 111607.00, 54.38705, -6.691837, 3622.5, 0.73 
1609461808, 26.69138, 656.9128, 0.0625, 45.625, None, None, None, None, 99.99 
1609461812, 26.68618, 655.0304, -0.0625, 45.625, 111614.00, 54.38723, -6.692194, 3670.6, 0.73 
1609461815, 26.68052, 652.9528, -0.25, 45.625, None, None, None, None, 99.99 
1609461818, 26.67513, 651.1502, -0.25, 45.625, 111621.00, 54.38752, -6.692429, 3715.8, 0.73 
1609461824, 26.66849, 647.5212, -0.375, 45.6875, None, None, None, None, 99.99 
1609461828, 26.65978, 645.3232, -0.625, 45.6875, 111631.00, 54.38797, -6.692928, 3787.8, 0.73 
1609461831, 26.65568, 643.3906, -0.8125, 45.6875, 111634.00, 54.38808, -6.692915, 3810.3, 0.73 
1609461835, 26.6499, 641.656, -0.9375, 45.6875, None, None, None, None, 99.99 
1609461838, 26.64489, 639.2645, -1.0625, 45.6875, 111641.00, 54.38835, -6.693335, 3857.8, 0.73 
1609461842, 26.6393, 637.5623, -1.25, 45.6875, None, None, None, None, 99.99 
1609461845, 26.63273, 635.5691, -1.375, 45.6875, 111648.00, 54.38864, -6.693316, 3904.7, 0.73 
1609461849, 26.62539, 633.7804, -1.4375, 45.6875, None, None, None, None, 99.99 
1609461856, 26.61205, 630.0425, -1.5625, 45.6875, 111655.00, 54.38882, -6.693615, 3951.7, 0.73 
1609461860, 26.60536, 628.0019, -1.75, 45.6875, None, None, None, None, 99.99 
1609461864, 26.59853, 625.9913, -1.9375, 45.75, 111706.00, 54.3895, -6.693712, 4022.9, 0.73 
1609461867, 26.59405, 624.3117, -2.125, 45.75, None, None, None, None, 99.99 
1609461871, 26.5867, 622.3342, -2.25, 45.75, 111713.00, 54.38966, -6.693765, 4068.4, 0.73 
1609461874, 26.58221, 620.7265, -2.5, 45.75, None, None, None, None, 99.99 
1609461878, 26.57486, 619.2625, -2.75, 45.8125, 111720.00, 54.3898, -6.694065, 4108.9, 0.73 
1609461881, 26.56895, 617.465, -2.9375, 45.75, None, None, None, None, 99.99 
1609461887, 26.55581, 614.2252, -3.125, 45.75, 111727.00, 54.39006, -6.694497, 4152.8, 0.73 
1609461891, 26.55133, 612.6747, -3.625, 45.75, None, None, None, None, 99.99 
1609461894, 26.54222, 610.7972, -3.8125, 45.8125, 111737.00, 54.39064, -6.694495, 4216.9, 0.73 
1609461897, 26.53884, 609.0432, -4.0, 45.8125, 111740.00, 54.39085, -6.694509, 4237.3, 0.73 
1609461901, 26.53007, 607.2045, -4.1875, 45.8125, None, None, None, None, 99.99 
1609461904, 26.52597, 605.5478, -4.375, 45.8125, 111747.00, 54.39112, -6.694533, 4284.4, 0.73 
1609461907, 26.51628, 603.7701, -4.4375, 45.8125, 111747.00, 54.39112, -6.694533, 4284.4, 0.73 
1609461911, 26.50887, 602.0955, -4.625, 45.8125, None, None, None, None, 99.99 
1609461918, 26.49548, 599.0001, -4.8125, 45.8125, None, None, None, None, 99.99 
1609461921, 26.4908, 597.2742, -5.0, 45.8125, 111804.00, 54.39231, -6.695142, 4389.9, 0.73 
1609461924, 26.48137, 595.7244, -5.125, 45.8125, None, None, None, None, 99.99 
1609461928, 26.47506, 593.6671, -5.125, 45.875, 111811.00, None, None, 17.324, W 
1609461931, 26.46823, 592.412, -5.125, 45.875, 111814.00, 54.39269, -6.695189, 4455.5, 0.73 
1609461935, 26.4603, 590.7452, -5.25, 45.875, None, None, None, None, 99.99 
1609461939, 26.44892, 588.7515, -5.3125, 45.875, 111821.00, 54.39304, -6.695394, 4497.5, 0.73 
1609461942, 26.44288, 586.6567, -5.375, 45.875, None, None, None, None, 99.99 
1609461950, 26.42291, 582.8362, -5.4375, 45.875, None, None, None, None, 99.99 
1609461954, 26.41485, 580.9387, -5.8125, 45.875, 111836.00, 54.39344, -6.695497, 4598.7, 0.73 
1609461957, 26.40679, 579.2891, -6.0, 45.875, None, None, None, None, 99.99 
1609461960, 26.39866, 577.4524, -6.125, 45.875, 111843.00, 54.39365, -6.69523, 4646.6, 0.73 
1609461964, 26.39281, 575.6824, -6.1875, 45.875, None, None, None, None, 99.99 
1609461968, 26.38026, 573.8949, -6.3125, 45.875, 111850.00, 54.39389, -6.695092, 4693.3, 0.73 
1609461971, 26.37344, 572.3903, -6.4375, 45.875, None, None, None, None, 99.99 
1609461974, 26.36563, 570.5215, -6.625, 45.875, 111857.00, 54.3941, -6.695182, 4740.5, 0.73 
1609461980, 26.35107, 567.5645, -6.6875, 45.875, None, None, None, None, 99.99 
1609461984, 26.33976, 565.8816, -7.0625, 45.875, None, None, None, None, 99.99 
1609461988, 26.32883, 564.1633, -7.25, 45.875, 111910.00, 54.39459, -6.695308, 4824.4, 0.73 
1609461991, 26.32148, 562.4719, -7.375, 45.875, None, None, None, None, 99.99 
1609461995, 26.31251, 560.837, -7.5, 45.875, 111917.00, 54.39481, -6.695533, 4872.9, 0.73 
1609461998, 26.30217, 559.0665, -7.5625, 45.875, None, None, None, None, 99.99 
1609462001, 26.29444, 557.5356, -7.625, 45.875, 111924.00, 54.39495, -6.695607, 4916.6, 0.73 
1609462005, 26.28559, 556.1244, -7.75, 45.875, None, None, None, None, 99.99 
1609462011, 26.26966, 553.4592, -7.9375, 45.875, 111931.00, 54.39514, -6.695818, 4959.8, 0.73 
1609462014, 26.25744, 551.975, -8.125, 45.875, None, None, None, None, 99.99 
1609462018, 26.24769, 550.0215, -8.1875, 45.875, 111941.00, 54.39583, -6.69592, 5020.3, 0.73 
1609462021, 26.24106, 548.5126, -8.3125, 45.875, 111944.00, 54.39603, -6.695963, 5043.1, 0.73 
1609462025, 26.2317, 547.4002, -8.375, 45.875, None, None, None, None, 99.99 
1609462029, 26.22031, 546.0032, -8.5625, 45.875, 111951.00, 54.39644, -6.696425, 5077.9, 0.73 
1609462032, 26.21037, 544.5984, -8.6875, 45.875, None, None, None, None, 99.99 
1609462036, 26.20022, 542.9801, -8.8125, 45.875, None, None, None, None, 99.99 
1609462042, 26.18182, 540.4398, -8.9375, 45.875, 112002.00, 54.39701, -6.696842, 5140.2, 0.73 
1609462046, 26.17188, 538.8374, -9.0625, 45.875, None, None, None, None, 99.99 
1609462049, 26.16069, 537.3608, -9.1875, 45.875, 112012.00, 54.39728, -6.696627, 5197.7, 0.73 
1609462053, 26.1486, 535.6061, -9.4375, 45.875, None, None, None, None, 99.99 
1609462057, 26.14008, 533.9526, -9.5625, 45.875, None, None, None, None, 99.99 
1609462061, 26.12844, 532.3744, -9.75, 45.875, 112023.00, 54.3979, -6.696602, 5267.2, 0.73 
1609462064, 26.11778, 530.8472, -9.875, 45.875, None, None, None, None, 99.99 
1609462068, 26.10803, 528.9601, -9.9375, 45.875, 112030.00, 54.39828, -6.696402, 5311.5, 0.73 
1609462075, 26.08293, 525.6497, -10.1875, 45.875, None, None, None, None, 99.99 
1609462079, 26.0735, 523.9796, -10.75, 45.8125, 112041.00, 54.39867, -6.69655, 5383.2, 0.73 
1609462082, 26.0629, 522.6047, -10.9375, 45.8125, 112041.00, 54.39867, -6.69655, 5383.2, 0.73 
1609462086, 26.05165, 521.0027, -11.0625, 45.875, 112048.00, 54.39895, -6.696388, 5427.3, 0.73 
1609462089, 26.04125, 519.5129, -11.25, 45.8125, None, None, None, None, 99.99 
1609462092, 26.02857, 517.7835, -11.5, 45.8125, 112055.00, 54.39923, -6.696301, 5474.0, 0.73 
1609462096, 26.0181, 515.9813, -11.6875, 45.8125, None, None, None, None, 99.99 
1609462100, 26.00725, 514.2381, -11.875, 45.8125, 112102.00, 54.39963, -6.696353, 5524.2, 0.73 
1609462106, 25.98624, 511.2499, -12.0, 45.8125, None, None, None, None, 99.99 
1609462109, 25.97591, 509.4848, -12.25, 45.8125, 112112.00, 54.40029, -6.696333, 5597.9, 0.73 
1609462112, 25.96395, 508.2281, -12.3125, 45.75, 112115.00, 54.40041, -6.696235, 5615.6, 0.73 
1609462116, 25.95218, 506.6805, -12.25, 45.75, 112115.00, 54.40041, -6.696235, 5615.6, 0.73 
1609462119, 25.93898, 504.7048, -12.25, 45.75, 112122.00, 54.4007, -6.696172, 5662.7, 0.73 
1609462123, 25.92929, 503.4377, -12.375, 45.75, None, None, None, None, 99.99 
1609462126, 25.91401, 501.6931, -12.5, 45.75, 112129.00, 54.40136, -6.696217, 5709.1, 0.73 
1609462130, 25.90393, 500.1138, -12.625, 45.75, None, None, None, None, 99.99 
1609462138, 25.87487, 496.5658, -12.6875, 45.75, 112136.00, 54.40194, -6.695937, 5758.4, 0.73 
1609462141, 25.8616, 494.9993, -12.9375, 45.6875, None, None, None, None, 99.99 
1609462145, 25.8488, 493.1091, -13.125, 45.6875, 112147.00, 54.40273, -6.695945, 5836.7, 0.73 
1609462148, 25.83716, 491.6404, -13.1875, 45.6875, None, None, None, None, 99.99 
1609462152, 25.82799, 489.8759, -13.25, 45.6875, 112154.00, 54.4033, -6.69622, 5883.1, 0.73 
1609462155, 25.81271, 488.4055, -13.5, 45.6875, None, None, None, None, 99.99 
1609462158, 25.79938, 486.9963, -13.6875, 45.6875, 112201.00, 54.40391, -6.696313, 5933.6, 0.73 
1609462162, 25.78735, 485.4406, -13.9375, 45.6875, None, None, None, None, 99.99 
1609462168, 25.76525, 482.3745, -14.125, 45.6875, 112208.00, 54.40435, -6.69643, 5981.9, 0.73 
1609462172, 25.74912, 480.7755, -14.375, 45.6875, None, None, None, None, 99.99 
1609462176, 25.73456, 479.0687, -14.5625, 45.625, None, None, None, None, 99.99 
1609462180, 25.72214, 477.8055, -14.75, 45.625, 112222.00, 54.40547, -6.696573, 6074.3, 0.73 
1609462183, 25.70907, 476.2788, -15.0625, 45.625, None, None, None, None, 99.99 
1609462187, 25.69652, 474.6658, -15.25, 45.625, 112229.00, 54.40592, -6.696877, 6120.9, 0.73 
1609462190, 25.6841, 473.397, -15.4375, 45.625, None, None, None, None, 99.99 
1609462194, 25.66824, 471.6476, -15.625, 45.625, 112236.00, 54.40663, -6.69737, 6164.3, 0.73 
1609462199, 25.64334, 468.8058, -15.75, 45.625, None, None, None, None, 99.99 
1609462203, 25.63157, 467.1571, -16.125, 45.5625, 112246.00, 54.40746, -6.69763, 6240.5, 0.73 
1609462206, 25.61759, 465.8187, -16.25, 45.5625, 112249.00, 54.40783, -6.697681, 6261.0, 0.73 
1609462210, 25.60374, 464.1551, -16.4375, 45.5625, None, None, None, None, 99.99 
1609462213, 25.588, 462.4974, -16.5625, 45.5625, 112256.00, 54.40863, -6.697908, 6313.6, 0.73 
1609462216, 25.57637, 461.363, -16.75, 45.5, 112259.00, 54.40893, -6.698164, 6331.4, 0.73 
1609462220, 25.56115, 459.9379, -16.9375, 45.5625, None, None, None, None, 99.99 
1609462223, 25.54496, 458.4086, -17.1875, 45.5, 112306.00, 54.40945, -6.698155, 6376.9, 0.73 
1609462229, 25.51798, 455.8149, -17.25, 45.5, None, None, None, None, 99.99 
1609462233, 25.50367, 454.3281, -17.5, 45.5, 112316.00, None, None, 23.597, W 
1609462236, 25.48709, 452.7981, -17.75, 45.5, 112319.00, 54.41079, -6.698135, 6464.5, 0.72 
1609462240, 25.47383, 451.4815, -17.875, 45.4375, None, None, None, None, 99.99 
1609462244, 25.45725, 450.0894, -18.0625, 45.4375, 112326.00, 54.41132, -6.698473, 6508.7, 0.72 
1609462247, 25.44139, 448.58, -18.375, 45.4375, None, None, None, None, 99.99 
1609462251, 25.42773, 447.1158, -18.5, 45.4375, 112333.00, 54.41169, -6.698357, 6556.6, 0.72 
1609462254, 25.41551, 445.8025, -18.625, 45.4375, None, None, None, None, 99.99 
1609462262, 25.37845, 442.631, -18.75, 45.375, 112340.00, 54.41239, -6.698363, 6600.2, 0.72 
1609462265, 25.36278, 441.1142, -19.125, 45.375, 112340.00, 54.41239, -6.698363, 6600.2, 0.72 
1609462269, 25.34509, 439.3559, -19.1875, 45.3125, 112351.00, 54.41314, -6.698133, 6678.7, 0.72 
1609462272, 25.33287, 437.988, -19.375, 45.3125, None, None, None, None, 99.99 
1609462276, 25.31421, 436.7898, -19.5625, 45.3125, 112358.00, 54.41378, -6.697905, 6728.1, 0.72 
1609462279, 25.30075, 435.3148, -19.75, 45.3125, None, None, None, None, 99.99 
1609462283, 25.28306, 433.8884, -20.0, 45.25, 112405.00, 54.41426, -6.697602, 6773.7, 0.72 
1609462286, 25.26376, 432.0549, -20.3125, 45.25, None, None, None, None, 99.99 
1609462293, 25.23358, 429.3421, -20.5, 45.25, 112413.00, 54.41491, -6.69752, 6831.7, 0.72 
1609462296, 25.21817, 427.7307, -21.0625, 45.25, 112419.00, 54.41541, -6.697622, 6879.3, 0.72 
1609462299, 25.20042, 426.1796, -21.25, 45.1875, 112422.00, 54.41562, -6.697495, 6903.5, 0.72 
1609462303, 25.18586, 424.9403, -21.5, 45.1875, None, None, None, None, 99.99 
1609462306, 25.16961, 423.6352, -21.6875, 45.1875, 112429.00, 54.41606, -6.697397, 6949.3, 0.72 
1609462309, 25.15205, 422.4151, -21.875, 45.1875, 112432.00, 54.41629, -6.697602, 6967.3, 0.72 
1609462313, 25.13554, 421.0236, -22.0, 45.1875, None, None, None, None, 99.99 
1609462317, 25.11655, 419.4594, -22.125, 45.125, 112439.00, 54.41679, -6.697642, 7016.9, 0.72 
1609462322, 25.08619, 417.1133, -22.1875, 45.125, None, None, None, None, 99.99 
1609462326, 25.06753, 415.8152, -22.4375, 45.125, None, None, None, None, 99.99 
1609462330, 25.04873, 414.2086, -22.6875, 45.125, 112452.00, 54.41768, -6.697311, 7102.5, 0.72 
1609462333, 25.03242, 412.8506, -22.875, 45.0625, None, None, None, None, 99.99 
1609462337, 25.01115, 411.4756, -23.0625, 45.0625, 112459.00, 54.41828, -6.697235, 7153.2, 0.72 
1609462340, 24.99412, 410.3805, -23.125, 45.0625, None, None, None, None, 99.99 
1609462344, 24.97904, 409.0352, -23.125, 45.0, 112506.00, 54.41861, -6.697083, 7196.9, 0.72 
1609462347, 24.96018, 407.7584, -23.1875, 45.0, None, None, None, None, 99.99 
1609462355, 24.91512, 404.2888, -23.25, 45.0, 112513.00, 54.41916, -6.696803, 7242.6, 0.72 
1609462359, 24.89432, 402.8442, -23.6875, 44.9375, None, None, None, None, 99.99 
1609462362, 24.87429, 401.5297, -23.8125, 44.9375, 112525.00, 54.41996, -6.6971, 7326.6, 0.72 
1609462366, 24.85706, 400.2111, -24.0625, 44.9375, None, None, None, None, 99.99 
1609462370, 24.83697, 399.0158, -24.25, 44.875, 112532.00, 54.42032, -6.697198, 7372.6, 0.90 
1609462373, 24.81779, 397.9169, -24.5, 44.875, None, None, None, None, 99.99 
1609462377, 24.79724, 396.4074, -24.6875, 44.875, 112539.00, 54.42105, -6.697512, 7415.4, 0.72 
1609462380, 24.77617, 394.8846, -24.9375, 44.875, None, None, None, None, 99.99 
1609462386, 24.74321, 392.9801, -25.0, 44.8125, 112547.00, 54.42149, -6.697605, 7467.6, 0.72 
1609462390, 24.72357, 391.6402, -25.4375, 44.8125, 112553.00, 54.42188, -6.697977, 7505.2, 0.72 
1609462393, 24.70427, 390.3204, -25.5625, 44.8125, 112556.00, 54.42219, -6.697923, 7526.8, 0.72 
1609462397, 24.68469, 389.2166, -25.75, 44.75, None, None, None, None, 99.99 
1609462401, 24.66454, 387.8315, -25.9375, 44.75, 112603.00, 54.42252, -6.697842, 7570.0, 0.72 
1609462404, 24.64237, 386.5079, -26.25, 44.75, None, None, None, None, 99.99 
1609462407, 24.62325, 385.1109, -26.5, 44.6875, 112610.00, 54.42287, -6.698075, 7619.2, 0.72 
1609462411, 24.60518, 383.9559, -26.75, 44.6875, None, None, None, None, 99.99 
1609462417, 24.56655, 381.2906, -26.9375, 44.6875, 112617.00, 54.42358, -6.697995, 7667.4, 0.72 
1609462421, 24.5451, 380.2704, -27.25, 44.625, None, None, None, None, 99.99 
1609462424, 24.52533, 378.8222, -27.375, 44.625, 112627.00, 54.4241, -6.698143, 7735.3, 0.72 
1609462428, 24.50439, 377.3696, -27.5625, 44.625, 112630.00, 54.42441, -6.698216, 7757.5, 0.72 
1609462431, 24.48405, 376.1377, -27.75, 44.5625, 112634.00, 54.42486, -6.698087, 7783.7, 0.72 
1609462435, 24.46122, 374.6674, -28.0, 44.5625, None, None, None, None, 99.99 
1609462439, 24.43996, 373.4358, -28.0625, 44.5, None, None, None, None, 99.99 
1609462443, 24.41785, 371.903, -28.3125, 44.5, 112645.00, 54.42564, -6.697943, 7857.4, 0.72 
1609462451, 24.36662, 368.9389, -28.4375, 44.5, None, None, None, None, 99.99 
1609462454, 24.34354, 367.522, -28.875, 44.4375, 112657.00, 54.4268, -6.698142, 7942.3, 0.72 
1609462458, 24.32416, 366.4302, -29.125, 44.4375, None, None, None, None, 99.99 
1609462462, 24.30037, 364.6456, -29.3125, 44.375, 112704.00, 54.42756, -6.697957, 7992.8, 0.72 
1609462465, 24.27962, 363.4052, -29.625, 44.375, None, None, None, None, 99.99 
1609462469, 24.25914, 362.3825, -29.8125, 44.375, 112711.00, 54.42803, -6.698093, 8042.6, 0.72 
1609462472, 24.23678, 361.0515, -30.125, 44.375, None, None, None, None, 99.99 
1609462476, 24.21558, 359.5945, -30.4375, 44.3125, 112718.00, 54.42855, -6.698174, 8090.8, 0.72 
