datetime,latitude,longitude,altitude
2026-04-23T12:00:00Z,54.35300,-6.64990,0.0
2026-04-23T12:01:00Z,54.35504,-6.65706,420.0
2026-04-23T12:02:00Z,54.35824,-6.66357,840.0
2026-04-23T12:03:00Z,54.36343,-6.66912,1260.0
2026-04-23T12:04:00Z,54.36943,-6.67332,1680.0
2026-04-23T12:05:00Z,54.37561,-6.67587,2100.0
2026-04-23T12:06:00Z,54.38132,-6.67727,2520.0
2026-04-23T12:07:00Z,54.38582,-6.67822,2940.0
2026-04-23T12:08:00Z,54.38937,-6.67914,3360.0
2026-04-23T12:09:00Z,54.39286,-6.68035,3780.0
2026-04-23T12:10:00Z,54.39660,-6.68183,4200.0
2026-04-23T12:11:00Z,54.40053,-6.68325,4620.0
2026-04-23T12:12:00Z,54.40454,-6.68420,5040.0
2026-04-23T12:13:00Z,54.40889,-6.68425,5460.0
2026-04-23T12:14:00Z,54.41344,-6.68309,5880.0
2026-04-23T12:15:00Z,54.41791,-6.68151,6300.0
2026-04-23T12:16:00Z,54.42238,-6.67987,6720.0
2026-04-23T12:17:00Z,54.42700,-6.67904,7140.0
2026-04-23T12:18:00Z,54.43211,-6.67947,7560.0
2026-04-23T12:19:00Z,54.43750,-6.67958,7980.0
2026-04-23T12:20:00Z,54.44224,-6.67829,8400.0
2026-04-23T12:21:00Z,54.44619,-6.67559,8820.0
2026-04-23T12:22:00Z,54.44954,-6.67186,9240.0
2026-04-23T12:23:00Z,54.45265,-6.66763,9660.0
2026-04-23T12:24:00Z,54.45582,-6.66342,10080.0
2026-04-23T12:25:00Z,54.45859,-6.65873,10500.0
2026-04-23T12:26:00Z,54.46093,-6.65348,10920.0
2026-04-23T12:27:00Z,54.46294,-6.64791,11340.0
2026-04-23T12:28:00Z,54.46499,-6.64413,11760.0
2026-04-23T12:29:00Z,54.46730,-6.64229,12180.0
2026-04-23T12:30:00Z,54.47036,-6.64078,12600.0
2026-04-23T12:31:00Z,54.47411,-6.63966,13020.0
2026-04-23T12:32:00Z,54.47830,-6.63941,13440.0
2026-04-23T12:33:00Z,54.48283,-6.64007,13860.0
2026-04-23T12:34:00Z,54.48687,-6.64158,14280.0
2026-04-23T12:35:00Z,54.49025,-6.64393,14700.0
2026-04-23T12:36:00Z,54.49305,-6.64688,15120.0
2026-04-23T12:37:00Z,54.49551,-6.64969,15540.0
2026-04-23T12:38:00Z,54.49765,-6.65231,15960.0
2026-04-23T12:39:00Z,54.49945,-6.65475,16380.0
2026-04-23T12:40:00Z,54.50090,-6.65708,16800.0
2026-04-23T12:41:00Z,54.50200,-6.65933,17220.0
2026-04-23T12:42:00Z,54.50274,-6.66149,17640.0
2026-04-23T12:43:00Z,54.50314,-6.66357,18060.0
2026-04-23T12:44:00Z,54.50318,-6.66557,18480.0
2026-04-23T12:45:00Z,54.50309,-6.66765,18900.0
2026-04-23T12:46:00Z,54.50304,-6.66998,19320.0
2026-04-23T12:47:00Z,54.50305,-6.67256,19740.0
2026-04-23T12:48:00Z,54.50310,-6.67539,20160.0
2026-04-23T12:49:00Z,54.50321,-6.67847,20580.0
2026-04-23T12:50:00Z,54.50335,-6.68170,21000.0
2026-04-23T12:51:00Z,54.50354,-6.68494,21420.0
2026-04-23T12:52:00Z,54.50377,-6.68821,21840.0
2026-04-23T12:53:00Z,54.50403,-6.69149,22260.0
2026-04-23T12:54:00Z,54.50432,-6.69477,22680.0
2026-04-23T12:55:00Z,54.50464,-6.69806,23100.0
2026-04-23T12:56:00Z,54.50499,-6.70136,23520.0
2026-04-23T12:57:00Z,54.50534,-6.70466,23940.0
2026-04-23T12:58:00Z,54.50540,-6.70797,24360.0
2026-04-23T12:59:00Z,54.50509,-6.71131,24780.0
2026-04-23T13:00:00Z,54.50441,-6.71467,25200.0
2026-04-23T13:01:00Z,54.50337,-6.71807,25620.0
2026-04-23T13:02:00Z,54.50198,-6.72150,26040.0
2026-04-23T13:03:00Z,54.50025,-6.72496,26460.0
2026-04-23T13:04:00Z,54.49856,-6.72830,26880.0
2026-04-23T13:05:00Z,54.49713,-6.73140,27300.0
2026-04-23T13:06:00Z,54.49594,-6.73427,27720.0
2026-04-23T13:07:00Z,54.49501,-6.73692,28140.0
2026-04-23T13:08:00Z,54.49433,-6.73934,28560.0
2026-04-23T13:08:50.15625Z,54.49396,-6.74118,28911.1
2026-04-23T13:08:50.15625Z,54.49396,-6.74118,28911.1
2026-04-23T13:09:50.15625Z,54.49299,-6.74387,26807.2
2026-04-23T13:10:50.15625Z,54.49169,-6.74719,25017.6
2026-04-23T13:11:50.15625Z,54.49148,-6.75032,23466.7
2026-04-23T13:12:50.15625Z,54.49158,-6.75339,22086.0
2026-04-23T13:13:50.15625Z,54.49165,-6.75651,20840.4
2026-04-23T13:14:50.15625Z,54.49169,-6.75942,19705.8
2026-04-23T13:15:50.15625Z,54.49169,-6.76167,18664.1
2026-04-23T13:16:50.15625Z,54.49190,-6.76354,17701.1
2026-04-23T13:17:50.15625Z,54.49281,-6.76556,16805.9
2026-04-23T13:18:50.15625Z,54.49440,-6.76774,15969.4
2026-04-23T13:19:50.15625Z,54.49674,-6.77019,15184.5
2026-04-23T13:20:50.15625Z,54.49989,-6.77272,14445.2
2026-04-23T13:21:50.15625Z,54.50398,-6.77397,13746.5
2026-04-23T13:22:50.15625Z,54.50834,-6.77389,13084.1
2026-04-23T13:23:50.15625Z,54.51214,-6.77268,12454.4
2026-04-23T13:24:50.15625Z,54.51521,-6.77096,11854.4
2026-04-23T13:25:50.15625Z,54.51777,-6.76745,11281.4
2026-04-23T13:26:50.15625Z,54.52021,-6.76219,10732.6
2026-04-23T13:27:50.15625Z,54.52292,-6.75702,10202.5
2026-04-23T13:28:50.15625Z,54.52590,-6.75230,9689.2
2026-04-23T13:29:50.15625Z,54.52856,-6.74802,9191.7
2026-04-23T13:30:50.15625Z,54.53144,-6.74454,8708.6
2026-04-23T13:31:50.15625Z,54.53503,-6.74214,8239.1
2026-04-23T13:32:50.15625Z,54.53951,-6.74114,7782.2
2026-04-23T13:33:50.15625Z,54.54423,-6.74136,7337.1
2026-04-23T13:34:50.15625Z,54.54853,-6.74139,6903.1
2026-04-23T13:35:50.15625Z,54.55250,-6.74049,6479.6
2026-04-23T13:36:50.15625Z,54.55643,-6.73925,6065.9
2026-04-23T13:37:50.15625Z,54.56053,-6.73814,5661.5
2026-04-23T13:38:50.15625Z,54.56482,-6.73780,5265.8
2026-04-23T13:39:50.15625Z,54.56908,-6.73836,4878.5
2026-04-23T13:40:50.15625Z,54.57330,-6.73918,4499.1
2026-04-23T13:41:50.15625Z,54.57735,-6.73997,4127.3
2026-04-23T13:42:50.15625Z,54.58095,-6.74075,3762.6
2026-04-23T13:43:50.15625Z,54.58410,-6.74159,3404.7
2026-04-23T13:44:50.15625Z,54.58717,-6.74255,3053.4
2026-04-23T13:45:50.15625Z,54.59071,-6.74346,2708.3
2026-04-23T13:46:50.15625Z,54.59514,-6.74414,2369.2
2026-04-23T13:47:50.15625Z,54.60040,-6.74486,2035.8
2026-04-23T13:48:50.15625Z,54.60617,-6.74613,1707.9
2026-04-23T13:49:50.15625Z,54.61216,-6.74840,1385.3
2026-04-23T13:50:50.15625Z,54.61795,-6.75190,1067.7
2026-04-23T13:51:50.15625Z,54.62263,-6.75633,755.0
2026-04-23T13:52:50.15625Z,54.62611,-6.76166,447.1
2026-04-23T13:53:50.15625Z,54.62902,-6.76745,143.6
2026-04-23T13:54:07.5Z,54.62971,-6.76912,57.1
